City,Country,Date,PM2.5,PM10,CO,NO2,O3,SO2,Temperature,Humidity,Wind Speed,AQI
New York,USA,2022-05-04,24.908678494144077,44.87688538100692,4.723029856408026,5.931693250553328,11.863452172203278,4.779212815507392,27.674347291529088,50.610512281300956,12.712800217929823,64
Beijing,China,2024-11-05,52.07135123214872,84.01962271566033,4.886719755342202,10.150164334973937,24.950849883036113,5.787168879665577,23.14247332595274,41.83951848957578,2.9384814933235424,136
Sao Paulo,Brazil,2023-05-19,48.071118497567326,74.47528204687923,4.725251813786544,11.211234550949635,25.043690358839466,4.999006422577698,23.75698018345672,47.9872262016239,8.541531251033616,123
Cairo,Egypt,2024-03-29,49.6613909225447,60.46502775262066,3.9922890710441004,11.74508982420638,15.316625400115914,5.258863595004756,0.40329876120224384,33.436279022031385,10.984306179345618,101
Beijing,China,2021-06-24,69.65684140594985,102.0435171761176,8.298896304410711,14.242956019265144,31.520623166421164,8.139361229040212,30.571222262189156,66.87236579136923,1.1847992231863298,172
Berlin,Germany,2022-02-27,19.67458859791842,25.63077999694041,3.311676288840868,7.461999044991902,14.525120476464796,1.8607824767773615,16.907876241487855,66.62526862807128,14.877725635611796,54
Berlin,Germany,2021-11-27,11.071705116680914,6.936650259939718,0.3037933759193292,4.625051644788396,11.42496011428329,1.427989878419666,30.03532897892024,67.23272050095268,6.774401226974378,30
Sydney,Australia,2020-06-20,23.690182832329846,23.641739608900483,3.564643655814006,0.0,11.287610017500896,2.087047068238171,17.009926495341325,61.835215530710045,0.062155426995536445,40
Paris,France,2022-09-03,20.985562857558733,43.57894044741516,1.881729781726353,3.1830127942136253,7.592971825661856,3.3154021177020745,23.287511096596845,49.404795924659226,12.56633716556678,48
Delhi,India,2019-01-21,85.64322495266445,114.17946906122647,9.772337853402233,19.415783693735687,34.54594020747153,10.396120277064577,22.610552721798893,60.102269132849216,8.827064333124266,202
Sao Paulo,Brazil,2019-03-10,,18.772854834732303,1.0477227307783812,3.377428576667982,9.016203427258153,3.73618590121053,21.74577812831839,65.15100781445528,9.627770421169163,37
Berlin,Germany,2020-09-19,,0.6023020994102644,2.463242112485286,0.0,1.2061893693344499,0.0,8.31321962380468,82.85645629030041,13.759665163433871,0
Berlin,Germany,2024-09-25,,54.82794310936099,1.9981489372077195,7.9737141876005415,22.361822503239914,2.409463674869312,14.33702270397228,61.993027301752825,7.482621729419003,68
Delhi,India,2016-10-09,,81.17696286273895,8.123592430635181,13.461151531532394,36.79973762007016,6.866746707663763,16.779384837943244,76.27034434739339,3.845678417830224,153
Sydney,Australia,2022-01-04,,5.525167654387722,1.9846338585323042,4.119765588496847,10.327291487109242,0.5630492891219181,6.795433869157236,70.43883131233795,11.48492336616593,36
Berlin,Germany,2019-03-04,,24.399752784215092,2.8322536971610037,5.7861449465973624,7.542594327894529,4.465774511144756,24.738329209117875,36.173930055947025,13.282768043169149,52
Cairo,Egypt,2022-03-04,39.93542301871226,65.58595579007404,3.6793176816482895,10.926752258488644,19.65112370774599,5.32206015999449,38.967929826539475,55.09223767994259,6.231319178212552,90
Cairo,Egypt,2019-04-28,33.12094857517281,55.02898290585895,4.991151974816645,9.85338159866004,21.908732996144096,4.663001891877907,34.53534077157317,54.70686333524088,23.600845832948096,93
New York,USA,2016-04-23,22.91421221791859,30.091075019388875,3.8824724152431855,6.353074429348299,16.45600197636837,3.8732376245735454,19.27171087343127,43.0641256386319,2.4257638765706773,68
Paris,France,2021-01-25,20.681993971617363,26.740937441302037,0.8042612212880123,4.446361851702364,9.741269518915349,1.1661425637988674,21.53725105945528,61.16417436892,4.285148510846884,41
London,UK,2022-07-29,30.80392263184117,52.830512431752766,4.553802052034903,4.244661264085818,10.248699840339508,4.01503526720866,,70.30095372612095,29.263657453273606,70
Delhi,India,2024-12-26,92.477828200903,139.740017634932,11.5013912513058,21.06946151071931,46.43587688197307,10.077174785462429,,50.29272904341793,10.409370696931612,217
Paris,France,2023-03-04,40.26367403704126,81.26260190374512,4.5872841288103485,11.456136268421133,29.155802387869464,6.264280019095463,,45.693925814800636,13.397988744673379,124
London,UK,2019-11-14,16.282292947909877,23.255718399038138,1.2483996523941832,8.087888178650651,10.135676089272046,0.0,,46.76427070463224,14.26216667398112,38
Sao Paulo,Brazil,2018-10-11,21.826317792665506,38.649872789804576,3.6657551941701216,3.199407185888448,9.861995056636207,2.325054688839044,,95.30908480562194,12.024908554804778,56
Delhi,India,2021-05-02,69.38930973527388,118.42156197012633,9.132465260551147,13.161260068091973,30.463063708534992,9.366911149186622,,68.87638856292457,13.873170267146683,162
Paris,France,2016-06-25,10.502373219691,0.0,0.32561235866571026,2.1948636972136795,0.40886727214060237,2.9824113039316353,5.698586220393674,51.19911026606032,10.653702886430457,27
Tokyo,Japan,2019-01-15,26.020689244102805,61.43163752154959,4.1602330610195875,6.336982697904099,18.448413897053083,4.34905969557347,13.997831228412053,61.39604169980038,8.0734320156912,83
Tokyo,Japan,2020-10-23,20.510653372605233,41.66016816145352,0.9121845011731509,8.566066749312533,0.7916488019099921,1.9982149049644167,25.883172064845766,65.61983735470065,6.886502400897031,43
Cairo,Egypt,2024-05-07,42.73499532670584,61.90635243055788,6.499602097021025,12.014030971930096,19.828361618957384,6.549599875433251,23.072995208766095,76.2572423767792,13.14814420961806,113
Cairo,Egypt,2017-05-03,35.19909479901515,64.47293605123262,5.360370265433465,9.458196812071703,19.469309533235126,6.0276648957884245,14.0842861116417,70.94194762340075,8.98903673783053,95
Paris,France,2019-08-22,24.693884259935952,37.054163489880295,3.213509636000639,7.410957614308659,9.684015366531037,3.0819529712949643,16.89733243406544,66.48332704976885,9.349284728161576,48
Beijing,China,2024-11-03,63.77578512718457,83.01779316766527,9.69238727568546,13.187965237000597,25.54324554884907,8.758110873500069,27.91662693962936,72.4823963410431,13.1417275463214,152
Berlin,Germany,2017-06-03,13.113728142570844,27.158045581937262,1.5228382884878884,6.350239466835503,8.211770473991447,1.3745028032074886,16.786141583470066,68.25862908551248,7.1813772359801264,44
Cairo,Egypt,2022-12-19,39.21843605745956,59.44966571108723,4.24305682462887,8.557923388763355,19.928199749430544,3.3019156585026757,5.925362256234447,45.63111557495128,8.932764241440763,95
Cairo,Egypt,2019-01-03,58.97678108474776,85.97659623202019,6.290061470036573,12.861967584194623,21.789882541448765,6.43148686400761,17.113413610798617,66.45437120676179,5.863845282238385,129
London,UK,2023-09-17,37.66369456501289,43.91239851543143,4.151711722098941,8.880287983422225,13.395118112456656,3.9740924818104166,20.12592400781795,61.95352197097664,6.134951080722668,75
London,UK,2015-08-19,26.489991456227248,50.51143607795042,3.959270826085207,10.306364915023114,8.930609748447802,3.872320636720678,21.833420057383517,103.79605866435344,5.958508573224242,60
Beijing,China,2022-09-05,46.60303677277989,53.16104275690192,5.674244978319239,10.881734676892604,25.401575145904832,6.54175597577716,38.761708392158866,79.008476763721,7.115481721687985,124
Sydney,Australia,2020-02-15,3.659595857532529,0.0,1.9814587658543537,2.6588802414425743,0.0,0.0,33.538723741654124,57.70920309494764,16.189081559867308,3
Sao Paulo,Brazil,2015-06-30,9.803124885231137,19.25243699718183,1.6469805937647422,2.299869057041513,8.891399729389995,0.5323795706174057,18.576205149787064,62.40591263423798,12.572194170293745,32
Paris,France,2015-09-05,24.776789540810654,30.25885829264378,5.0776768218985096,8.264628023959183,12.206053853773787,5.351151975522523,21.156746342928585,83.58594368127653,10.337592407050545,76
Beijing,China,2018-05-22,93.17670421221602,124.11035851520926,11.521570950954356,22.390751899170297,47.674526230129395,9.585076539419896,26.86051459998439,81.16848973699176,1.2063025678844284,211
Delhi,India,2024-07-14,55.4038391111995,95.70593165555441,8.917542255795963,19.40471410419206,33.09637912167911,9.828615545571292,6.198985417851086,25.932351212896904,9.722261505516906,164
Tokyo,Japan,2022-09-15,20.236526259529537,9.925578999601232,2.460879960487212,2.491060998990294,12.878690195320155,2.9165982460968487,10.601202136726448,49.72266165326613,4.703932390555242,51
Tokyo,Japan,2019-05-23,19.97571160250619,12.942739536644563,2.4040465155178445,2.7394847632551187,4.428508670950624,1.7929696400454422,9.64757677580626,48.927013893056355,4.010610537055758,38
Sydney,Australia,2015-06-05,35.376317759858644,45.80274492007414,4.613979910734223,8.575343900618341,16.71612160186711,5.014166700043425,27.575077100473052,49.38997704778945,7.1209087967766,88
Sydney,Australia,2015-04-20,0.0,0.0,2.4168742674445247,5.389935427002568,3.203855841774487,1.6265569630557666,23.11250154543536,121.57761616910476,15.597874557172883,21
Cairo,Egypt,2022-04-23,41.62229779699788,53.53553679742427,6.003463635867224,10.087298509431395,17.510985161609305,5.1534271157574745,9.18451996385605,93.74283270145129,14.408198784747253,116
Cairo,Egypt,2024-03-26,54.99972069445013,72.17368307647618,5.088715798671736,14.946248154539315,25.955640174738637,4.912753845673544,18.096613219163917,42.48763493230486,3.0860013451783193,119
Beijing,China,2022-06-07,80.34708320235065,92.21432426180858,9.41296923669057,16.398714861756346,33.45149846494122,8.25760607576113,11.36009230320184,60.97043255889654,5.845249417944811,177
Sao Paulo,Brazil,2023-09-24,34.94880945275432,50.4105195313359,3.4924363379584022,7.6464573388633355,20.621564903303025,4.9009171876243816,10.224447552014489,61.986646108584516,13.756935616858945,88
London,UK,2015-05-09,6.316800961899675,0.0,1.0205986685931594,0.0,0.0,0.0,20.48084946661382,65.19445003442964,5.478416874477957,9
New York,USA,2015-03-10,19.292399688655202,40.739202013526835,2.2389838002375435,5.596327784395682,13.989594685265656,2.589586634716048,16.154444557701748,80.1258561842888,7.115540652384256,69
New York,USA,2018-03-07,24.351465726711908,50.298041779152825,5.1915686206579,2.5567109997454214,11.812418978118092,4.32707212718054,17.969546139570074,67.42291746742617,6.980074066420897,75
Tokyo,Japan,2021-09-04,16.021613823039605,36.87782061659807,2.354420843301213,4.8752053241504045,6.752492135510131,1.6123937759275067,15.674418121803791,67.88904284756593,7.895077595898686,42
Tokyo,Japan,2021-10-18,29.577003993227198,37.51124703431692,2.0739764678321593,7.20242784432789,7.967698507913796,0.3618754648221465,9.919136890825959,22.58416157948289,8.242432579793457,48
Sydney,Australia,2016-04-09,20.382186561376415,21.269273737641626,1.2808994711911357,4.658811162366979,0.0,1.735614558108566,27.708651938869668,30.428275084403168,15.718770216034645,30
Cairo,Egypt,2024-12-26,49.923560430495996,84.32781866106285,8.770692857804395,13.363732510116991,26.992882345201345,6.040639100459756,11.501556305352082,76.60671633088491,5.719580870455664,130
Berlin,Germany,2024-09-08,16.411712766174418,32.98979825746392,2.6836621052869485,6.775079888515799,7.359934404581012,2.0801250647066287,10.212362842176926,51.114134798477764,11.886502465224261,47
Cairo,Egypt,2017-08-15,52.18917337911188,93.8960592010566,8.455637858804952,15.026869806447403,35.907183250232265,6.326210800896428,7.55345296688583,24.425595021914425,17.480221557445915,142
Sao Paulo,Brazil,2017-06-16,39.32207664544772,62.1996862631982,3.8245109527016234,14.791503959233653,20.31688472790091,5.059394794604893,27.25766623898692,69.62018463473427,11.119420121395656,99
Paris,France,2017-09-24,14.75734178567998,37.42024496475034,2.8954200461549777,6.286373253278795,4.15513729427526,0.5603951797414192,18.74213079900352,61.114498245773895,15.470957592354743,31
New York,USA,2022-04-21,7.647751597303069,0.0,0.0,0.0,0.0,0.8231705839619146,20.733179671884038,34.20078200517892,3.5246061396819197,0
Beijing,China,2023-01-31,63.94510762644697,80.80408648636394,5.4468570468818935,13.408513871828111,26.70910572100932,4.253113357058428,19.457051334821877,55.38130939582644,13.481031824067092,139
Delhi,India,2021-06-01,107.63282514773879,150.31111309445168,11.64347409125833,30.646719606499722,51.23687373605795,12.763929291912946,19.758749128899968,63.961695215357096,9.278197940380288,255
Cairo,Egypt,2021-12-14,38.06570529379805,60.87246729784001,4.556575228866236,8.774308434645672,20.82572091076759,4.845022782579146,35.039929885826886,6.980603832139764,15.45753425961231,102
Berlin,Germany,2018-04-03,22.433048837959255,45.773124059196505,3.7285591340042092,5.384976610564358,13.2887332496365,2.9894241545341718,37.52270443423623,78.71356786294922,16.357775474970794,82
Cairo,Egypt,2020-03-26,50.75474114391386,79.35479733720226,7.539374561227919,11.65574438221611,31.051993720689556,6.8096746018418655,16.251791924504026,74.21919936406982,12.2213165574302,141
Delhi,India,2024-09-03,81.39664901682124,102.58936672400102,10.065935606944265,20.08620251593677,36.56181424274404,9.776133022242119,7.48886423614697,78.48054038413802,9.075489317785054,189
Beijing,China,2018-07-07,58.845046129184446,73.3565630945724,5.291538703636441,10.286741652952193,29.22403980538256,5.419570647503717,37.54794181984364,18.36141184232556,18.48228184145019,134
Cairo,Egypt,2022-03-14,49.91643444064805,70.15080913191049,6.699136114352072,12.524730595150304,29.613207528066088,6.41422764866204,21.503017614618777,52.72775575572288,9.715271881394663,126
Sao Paulo,Brazil,2020-02-03,27.049158036716875,39.91814577894287,5.193264094022715,9.241730876255884,17.064066654589283,4.468433933065393,23.47581705361671,49.204806393812774,6.108476372988436,89
Sao Paulo,Brazil,2020-04-20,29.10813611192484,55.082527557144715,2.5474163957621596,10.558311274651288,18.890389929652173,4.506029734313875,29.82690983945514,93.30948888925153,15.071850325090653,85
Sydney,Australia,2024-11-01,0.0,0.0,0.026091050210833786,1.035318040938246,0.0,0.18676676447707832,12.446170676466775,47.76964394016103,2.9666945157588884,0
Tokyo,Japan,2019-02-08,0.0,0.0,1.6536417966078396,0.0,12.929528259349564,1.0933179008808893,21.84836123694874,42.832844396375734,13.501549397044958,12
New York,USA,2022-10-02,13.410049073226809,44.800845382687946,1.5039401002753503,5.498546652571352,3.5872942994964507,1.5650115095030384,37.7080063563551,47.46065884424465,19.062242789984644,32
Delhi,India,2016-12-14,85.58766612052867,138.9240773905552,12.02255444962673,23.343619924434392,37.91910112043818,10.322862824175132,17.52481364448495,58.511331417999074,13.10336048775339,221
Berlin,Germany,2021-12-18,13.323278206449494,33.801978510059634,3.110585745283823,6.11958089586208,14.323122902218486,3.333922154548904,24.591800792284367,58.59668577082706,1.6951953324200435,50
Tokyo,Japan,2020-08-08,21.838438435815558,33.91578837195373,1.3232514241796907,3.0378869191834754,14.612611413331614,2.560444846143345,26.815006973726245,60.56636752260923,10.148780697478726,52
London,UK,2023-09-28,32.619776358913136,53.76120776940983,3.937724711294958,7.93100754513537,16.363311506125445,4.622133771633713,15.212513783365226,85.11512251147042,5.526963488902481,88
Delhi,India,2017-07-31,75.40134470862914,130.86977884353732,9.896554776511575,21.46368907893727,32.85775850785212,9.96705026586926,28.89630795623437,61.645679785508484,15.327401875326757,194
Cairo,Egypt,2018-03-11,48.6467372009279,85.3889812361925,4.837161439560341,9.508994957198457,26.613537908470803,6.779572145730713,14.771399728467317,51.596263658082854,8.591076955697464,104
London,UK,2024-11-19,3.0067402675790094,1.358592332479322,0.18220243489587162,1.8306302252264377,4.7368589301460835,2.500500492814077,10.01645959261209,79.68644796953167,8.930055778872456,19
Cairo,Egypt,2023-11-06,50.57409746083302,59.57277978437701,6.282409746184051,12.132904416426113,25.5698050560326,6.189168643907818,44.55300139910894,47.24520031497368,7.345015224990911,118
London,UK,2017-11-29,13.622614404198728,18.22612872693482,3.239016531107552,6.941008495979711,5.917014825002096,1.2176444268957716,24.71415556386404,48.95553911438057,13.164659088777555,41
Sydney,Australia,2021-05-10,6.821279425013841,37.07505201330061,3.5958776730955218,2.3744226190312276,5.649193760256064,2.085865390724905,23.34456789987025,73.1708854534566,20.051022693831747,36
Beijing,China,2019-01-18,53.608513777307735,72.60680771985471,6.469069960058081,14.333746054252407,35.97823145407115,6.682388700963829,22.237879516388986,59.67154207854496,15.94196636724042,144
Paris,France,2024-03-23,49.3456561353984,73.10560557481777,7.544160877069072,14.363782979252623,33.386829302944136,7.083928185325964,16.407079092129404,71.81309661384618,15.54351790291454,130
Beijing,China,2016-08-08,72.1363701555365,115.06674689589153,9.869295590445674,20.164317982075055,37.394839550358576,8.532881919683147,21.467136864333227,84.13017933016714,5.91532164506382,174
Tokyo,Japan,2018-01-05,18.433305938363198,30.887448229348173,3.8284518626072988,5.482198136039807,10.385746192624596,1.190143859020081,27.46253566027221,72.9096836228215,20.8162736165273,51
Paris,France,2019-07-16,19.095751638319694,29.49383683710755,3.8274532797634744,4.309408935226096,10.116086103081358,2.8578965097165394,21.86609123156358,51.071327708989436,10.970449964491538,45
New York,USA,2017-05-09,27.667423502944704,50.529696741468754,3.3998791850608274,10.590093257849686,10.307252380864902,3.5410781527284123,23.77211875064521,91.31048058468681,9.67124869463506,82
Sao Paulo,Brazil,2018-01-07,34.60578534720295,23.31986099583756,0.9511940433799184,7.180028900106666,10.591783102589556,2.128767182869287,27.083564472993533,64.87601427542398,7.179606846316358,63
Beijing,China,2017-11-01,48.76228664140073,73.1020117795866,5.450824136220618,14.793273992095333,17.919660934695393,4.024474829075261,13.080919301187556,59.088279672890046,11.216697246613458,111
Tokyo,Japan,2019-10-28,14.560276982571484,6.684605758095559,3.0437646040732593,3.0356976432148626,10.86918332635251,1.942725346377704,24.56753219153784,71.39534560464408,12.238542800086574,32
Delhi,India,2020-01-17,94.24576265066216,133.3652116970147,11.659003757588513,21.72052861142555,49.560468861797894,10.273607697940731,38.00940432910816,59.196840987113134,2.8461244894097595,219
Berlin,Germany,2016-01-23,15.794741712625598,37.20643548988724,1.7473760206976094,3.9076331335704415,2.0418370762178775,1.9476936807509238,-4.238793266289566,28.321943530285534,13.802073280721487,48
New York,USA,2021-02-24,31.327287808924826,34.13023856870787,3.6022886438580204,7.292794921818864,9.96654124322983,5.153398301767151,28.773622905756714,55.58071652340672,10.134429194972654,73
Delhi,India,2023-12-15,72.19132565787855,121.12822617479402,9.618015752002202,18.59675998021017,40.07559882845619,12.097686526849524,26.4084286126701,48.57642020434406,12.862913906780793,206
Delhi,India,2020-12-10,101.02316841456386,145.19630369920174,11.403063222294428,25.496446627227183,49.773941541687,12.945193220027733,26.351718016819696,80.9910543063867,7.32382394219716,241
Delhi,India,2017-11-16,96.587998023462,164.15260872625265,11.260812181910433,27.3719276063305,48.591643133850596,11.298581996385552,15.161141659456785,53.5930538361136,12.120829732009582,239
Berlin,Germany,2019-01-29,21.131499980307105,35.756454077390174,5.142270358611864,9.455086340201422,13.745294678696128,3.0380034781682004,21.20031326718261,72.27035945460833,4.886037174007972,60
Tokyo,Japan,2023-08-08,4.4570796306120535,23.19223122605279,2.247195939702741,2.233627075401252,12.695947053160133,0.37423433699765885,5.356251197901798,64.48903637119945,15.235491513060772,32
Sao Paulo,Brazil,2017-05-02,49.7055786856553,88.78680833431295,6.461491530499293,12.65474540011836,29.534639749946688,7.15232287841342,4.236078430157505,89.53080699451792,16.900456770737257,130
Berlin,Germany,2020-07-03,12.379017667187046,20.540301862827388,1.5606737658239072,1.4993896923091599,2.513506528247794,1.2744459290085548,31.727290192593646,70.87200309188864,8.14692833956947,26
Delhi,India,2018-09-01,74.95728689684962,145.28765700372102,9.4102862212219,21.575118117193735,40.121320421495426,9.855318524279095,31.608267873785195,50.64597597376218,11.732519408653578,223
Paris,France,2021-10-29,23.58520413611561,32.56821891060255,1.3670077758114307,7.29253363889428,8.624973667354752,1.0934181013402493,15.718848390340874,90.01519581268622,14.251108710567465,53
Cairo,Egypt,2016-05-16,41.85371147840786,62.183649487826166,7.526747983560841,11.663870904463106,23.52016658876428,6.480283454031842,22.387891590265134,54.819157083585935,9.018250754575108,109
Berlin,Germany,2019-07-30,16.613888817450793,32.476295436369796,2.1519458858072995,5.665280154431159,8.077133679565671,2.1786351903160908,0.017993154678922707,78.32655349404963,11.732442379489964,42
Sao Paulo,Brazil,2022-12-21,29.118723109031556,86.28374704780727,5.310410371844826,13.116365633475034,17.640376291497876,6.06277390506257,9.465844368263438,47.5246207860839,19.57015676933393,109
Tokyo,Japan,2015-08-30,14.687164365898616,29.10067730688754,2.1956818879726048,3.7008378102871533,8.259844009864903,4.103415585238276,19.423812029664145,64.02198093429935,15.253271980038061,34
Beijing,China,2019-12-20,79.13515152780191,116.18730222029184,8.006995087269516,21.56686306460219,32.01461842792525,9.452635465239034,12.457241499806422,58.717233068140146,11.643812051517402,183
London,UK,2024-10-04,29.709603771176425,57.53711269058647,3.90353430151398,6.411686729418703,17.65634867315343,4.6394704889246405,7.723921848630075,71.94800139699716,13.505863711554492,69
Sydney,Australia,2017-01-01,15.278534066558098,11.099444129674733,1.1755764534715423,1.753856351432261,4.26231619032587,0.0,5.599491174057057,91.89010126449944,5.765193258408361,21
New York,USA,2016-05-02,0.0,5.6103825231049775,0.0,5.284030320272738,8.039268357370537,0.3118496548222762,42.52435805344309,79.63530973983188,8.375843082456887,20
Cairo,Egypt,2017-09-25,29.45471286295371,13.10427533236404,0.6046012530431082,6.545140864019281,18.75900962535709,3.634272818510518,25.639091200523595,71.89508683330573,14.267077793901539,45
Sao Paulo,Brazil,2019-05-16,42.205957119846886,62.24201103951876,5.037406872100478,8.692070822266649,19.277299692532907,3.407043185804615,19.016603732052502,40.22817785698165,4.482053413921145,102
Sao Paulo,Brazil,2023-11-15,40.960011431723,60.183166060023126,2.6794993963768228,6.520743726859325,20.763084751952864,3.2675126064616906,17.753668500029754,71.00104198049104,5.158277725681824,85
Cairo,Egypt,2017-06-20,42.52987252540898,67.78632356048786,6.469781934142537,9.114012532936663,26.361898951841596,6.130362201073319,25.524899544171475,64.47828268129322,16.82070214986922,123
Berlin,Germany,2022-02-18,17.05297229437374,30.022975030322836,2.9432980290363884,4.897720140651409,9.76236676481553,1.698008312193245,13.37099082449052,31.94789456400613,18.747883715934698,48
Delhi,India,2020-11-07,61.33547401102046,90.01592734430803,8.994924376944441,15.610100643415944,37.390968290694936,7.426509375756131,22.78994162223802,43.293058934804854,20.72574563886694,162
Berlin,Germany,2016-11-30,5.149103551135138,11.737768809320984,0.8637990974514982,0.5294246822445834,1.2807172010662953,0.49381147197910963,18.529979983715116,79.27758233589819,21.052615007956756,9
Tokyo,Japan,2016-10-24,2.3509851021046124,12.917179516487451,3.7297093376543184,0.6926508640605387,11.156467221776271,2.827700814076441,14.464117582920053,71.37966158370551,18.141983115642688,23
Sydney,Australia,2023-11-02,6.182098199488191,4.983190860513561,0.0,0.5014449098679858,0.0,0.9340834682592261,12.300267689413582,64.67571823581495,2.2205217689818637,18
Sydney,Australia,2019-11-02,19.767644808044626,3.462643574285444,2.3240565698475724,6.355337984946585,2.961435925235179,3.6225723868377036,24.19019009366045,45.89976288483182,9.72115461171147,39
Cairo,Egypt,2016-05-16,54.78002695706206,86.98755992446368,5.879326406920635,13.938721648072157,21.545142012380083,6.6887739386513,10.960923585352102,45.28940114820467,16.18046587605219,136
London,UK,2019-08-27,39.84569060453589,44.27687235327421,4.283591550305198,11.626195399958368,18.96686765455962,6.919329539981694,23.93317839394372,63.84098232980063,8.454417678987493,92
Delhi,India,2015-06-25,80.83765081809729,129.4810867668859,11.156702316794584,18.828021078984104,35.47506818576889,8.363794626896704,25.079913269125438,37.93266787652253,0.0,204
Cairo,Egypt,2018-03-22,64.86499758716396,78.53929088460106,7.388490774451642,13.263658717095131,25.804441387235432,7.469076482987769,17.097254558113487,65.34784628143805,11.608489030980069,131
Delhi,India,2021-03-12,76.56021174768262,105.65040243304591,8.194254840507156,18.97301968714081,32.20612807283585,8.978181157369129,19.908810033557966,81.71791131663156,12.373491164399764,179
Cairo,Egypt,2019-12-07,51.688831496001434,85.30207549017312,6.507810306351862,11.920705239686761,18.552655070599364,4.884886336924628,16.947752956453325,47.809755956814335,9.06514348507277,119
Cairo,Egypt,2015-04-09,51.04846377178366,71.89501221940908,6.5365016438262025,12.228948829620242,16.298133734584518,5.110664606181246,18.559124442783844,35.806105143177845,12.999643649981023,121
Berlin,Germany,2021-07-24,42.09380925848659,51.86557129069792,5.990726136849952,9.297334914404223,16.651656115527842,3.8865973364590602,16.975303135118715,52.236463629175425,10.852081111877439,90
Tokyo,Japan,2021-01-24,17.615230100767075,30.769381697463498,3.3906462747863415,6.299108270882648,2.8604081262003866,0.0,29.34319911239274,32.66242603169158,8.876172990536583,44
New York,USA,2017-04-23,0.0,13.81462728204788,1.459155160302647,0.24697919854656125,0.0,0.15375555174751732,23.918040054025465,30.421768624517426,10.916799598895778,14
Sydney,Australia,2016-06-10,14.496457498005444,18.59580368414153,0.4769310591184447,5.293143003328983,5.165881707892121,1.4226954604900683,10.66732040926804,51.134354976169796,5.5759864298654955,29
Paris,France,2015-09-21,28.158542400711717,15.680988570686434,0.836438602123259,7.842340654987217,8.962705291392536,1.7809272613400835,30.399046873960764,47.88768920526272,19.130048567734683,49
Tokyo,Japan,2021-11-02,21.560442959271487,57.57308213265503,2.3942850769966615,7.484190744018614,13.197170321625968,4.301741289398798,35.615111967268525,60.64008298131533,6.232910648269083,60
Beijing,China,2024-12-10,61.811423151239474,117.93387247526623,8.286535331082737,15.569356897375783,33.338721223459636,6.802873710470304,10.283859614893485,84.00827815888852,6.715528605143021,163
Paris,France,2015-09-15,11.883263762636432,25.65704154662997,1.8689533106650669,4.292095371611633,1.5728196457221575,0.0,35.01333651955487,53.546403223157284,8.745834917724764,23
Delhi,India,2015-02-28,98.3811500470033,147.95887772081608,14.115002344901086,22.612963539239715,51.511360512324956,12.007013124897085,22.68592278863257,90.56936852825064,12.539178781448118,239
Beijing,China,2024-06-03,71.76253668654901,95.95047270457114,7.460790332660994,14.510381611957934,25.334573642495997,10.356207129940323,8.96791634278317,55.57492752828456,8.615933500555396,166
London,UK,2020-06-28,31.678686062696485,50.00473488359745,2.866922561431062,6.565756572427177,14.9303198019532,3.201308873816453,36.07345576019993,69.81949903276502,13.674388930249087,69
Sao Paulo,Brazil,2019-08-07,45.46736928742663,61.21021558703707,3.653168052044154,10.699375903505283,17.194572424832685,4.4213833182502436,25.86364018755093,84.76566142867271,10.106357883680309,99
Sydney,Australia,2023-08-04,24.11107472317619,25.80753179488568,4.5516831141803955,5.031019291263089,0.7569489633767299,2.7033416211045327,23.811583848827777,85.79505508165491,13.365906756349792,39
London,UK,2015-12-25,15.878508818553172,30.909767427139748,1.8994795457906999,4.338953100390555,13.354313617682438,4.419904504351406,23.94671529822981,36.08233875929631,12.223013341100703,55
Sydney,Australia,2024-02-28,22.95108547840309,37.65982833327082,3.2646881947291972,4.9302033738355195,15.593121735375437,3.1290518513922185,24.195324439070276,42.250156443958,7.812708498382948,65
New York,USA,2017-07-31,26.535834239541167,59.86963851233405,3.150363814385398,7.549369451503773,17.930363327492362,2.1316342670669686,2.3919118801922394,29.486873708598104,16.31292051713591,71
Tokyo,Japan,2016-11-18,21.990996428341262,8.157524013426112,1.334551303197037,5.384219905135751,12.624371552636493,3.2115035766363977,32.083662305931426,80.48125051622925,12.962634746005914,23
Sao Paulo,Brazil,2024-02-26,38.44407141835734,53.61801116577693,5.146625542589049,9.959630754950144,18.787087802690902,5.846387447456715,29.553052085705108,61.768137725836944,17.38765040527631,103
New York,USA,2015-04-07,5.031702703601409,1.831776793971951,0.0,1.3346386283146014,2.513009966466866,2.263449743242131,26.308116845547776,39.5162635134159,19.27046283167094,15
Sao Paulo,Brazil,2022-07-21,49.31048851734308,67.33515901150167,4.840560763276521,10.855586447857895,27.554994478816745,7.68458630593461,35.43243528272189,50.223011564274515,4.401912833554944,116
Berlin,Germany,2021-05-08,10.757803172185744,32.63167714184782,2.3023974137013314,3.967926996263516,3.421187730932819,2.9636001065697166,14.672991603380886,36.60166328579424,0.0,49
Sao Paulo,Brazil,2019-09-01,40.46125798334872,64.01259214547869,3.4929037434137284,6.695575879276439,17.675097024300097,2.951614560811709,23.01791899819466,75.32160556769381,16.13466611942154,79
New York,USA,2020-02-01,17.381631249115173,18.82017413243439,1.4731196459601401,4.147042216196947,10.669462027264714,3.2135846262332497,11.968210493196551,89.85377137919043,8.644381994787157,46
New York,USA,2024-04-28,15.863941604260884,5.157597397270582,3.33404539636105,6.3736877941848675,8.674689771527147,2.516990717224872,25.159392177040996,28.749082862269148,7.354736613268527,49
Tokyo,Japan,2024-02-02,18.928552884153756,40.73557932166629,1.7934181953765953,7.232859964867053,12.457434070810066,1.5348681840944909,31.647393544571713,45.308168464039014,5.948737814928095,63
Beijing,China,2020-01-19,68.14318674714359,83.44178181021603,7.861679849847972,16.457633000661147,33.97242242905258,7.976441555277226,16.329721609166775,43.44819558702561,10.430719415231874,156
Sydney,Australia,2016-08-03,0.0,4.365598041576678,0.9039348410861953,0.0,0.0,0.6191542610051978,40.574954697116986,60.415874153508156,6.3599852938543275,0
Sao Paulo,Brazil,2023-03-04,36.47438209574093,37.940358208754645,2.900807993349747,6.4345129556359355,10.986685566965152,3.8226703159947957,36.246784584695604,66.46158546232058,8.738232489368562,74
Paris,France,2022-12-20,10.584045956516718,36.431097771471585,2.222162802987198,4.239040172818749,21.972430271379444,2.5987529083656864,12.482089499048158,51.47284807588913,15.742228545983775,46
Sydney,Australia,2015-03-10,6.008610108413167,28.992289345752035,0.9818559144610062,7.046595552435091,10.920192262858595,1.2026781043412489,32.81016361735113,61.357110210548065,14.263868375611096,33
New York,USA,2024-09-07,21.368216725045635,31.96450167682538,4.229960817581161,5.730449335786918,11.185406147032014,2.2448774206506474,24.23599065593461,101.25049838486291,4.662335428728635,64
Paris,France,2021-03-28,29.061102777077146,32.203586087542845,3.202371796249734,3.3752129437062406,12.713228388830593,2.562855734995451,29.857299956798627,83.74772103129501,22.947818210093068,55
Sydney,Australia,2020-11-23,20.428981582910833,30.14384301577336,1.9968337071893116,5.376967686923383,8.218394359443883,2.518460976269614,33.1759753560796,39.86914869440717,15.699392805645227,47
Paris,France,2015-03-05,37.00965736504461,35.181451009914056,4.092178012905568,11.993989093122218,18.70852775080447,3.7006977677050896,14.952250787717826,76.81240053009105,12.733667841006897,94
Tokyo,Japan,2017-12-11,10.965877940926562,15.28241850956178,0.6775898155014975,6.430751378938884,5.110718123154641,2.8171585208254966,35.213160519224516,79.9662179629592,7.841898436409759,32
Cairo,Egypt,2021-12-07,52.679021968045426,70.16298139269873,6.924359281721603,10.841920417680395,31.150717553846256,6.135382702701607,22.011596558728392,65.66575743092284,8.705475131479613,132
Paris,France,2021-04-30,26.42548171688738,51.91297297457244,2.2540203197532516,7.452759159092824,22.15571599623314,2.599668675394425,13.222550294751485,70.2781569931783,10.897908909697989,72
Paris,France,2020-10-25,28.445935650738317,45.3472146856177,4.359699841956223,7.319637313857025,12.03496938152583,3.9225737012027313,38.99881934895215,57.34732507234853,5.1273534766467925,65
Cairo,Egypt,2015-12-22,60.59809418023201,70.07330453985963,8.497421677150422,14.229343628092156,30.237866870783357,7.981980330569015,21.904996797790663,74.1890363427808,7.822568147150783,153
Sao Paulo,Brazil,2016-10-14,36.702266612080415,64.38810480887503,5.365367484013054,7.629122595910809,23.343928464700127,4.214036554885952,28.08057798281145,67.34574626802682,19.190918383975614,95
Sao Paulo,Brazil,2023-04-03,27.453416019409016,43.60580394112267,3.346820217165725,8.899883803884101,8.13475756625365,2.596317580853646,9.32197078420807,79.00615183947151,18.553066862909624,73
Paris,France,2018-08-10,19.55589138404995,31.30052163113181,3.7118783026081905,3.2452937316188524,11.153475930939141,3.52519762978243,25.01094169939845,63.79163233197487,15.005230462835705,51
Sydney,Australia,2015-05-20,3.3893765976545382,0.0,0.0,1.0224051990499614,5.494634180651831,0.0,29.52874547202939,92.24556515977291,16.57457226792024,0
Delhi,India,2019-03-07,103.31063745535947,150.15433638901592,10.848034188102833,24.407875023740104,46.42701361873524,14.620942717497815,18.241141875676632,62.464096135689715,12.757426880202338,249
Tokyo,Japan,2017-12-14,24.875255202153767,18.373506382655478,2.244607455237243,2.615058828603904,2.919909955117178,1.438230909094715,19.62963202951588,51.4139555096548,6.53789510063072,41
Delhi,India,2024-03-10,62.38447213685653,79.15279625968998,8.610055963689604,15.864879505869007,25.56979400214028,7.540790922950137,12.47843594409417,66.3834902083836,16.70225223011572,157
London,UK,2016-06-27,1.775130395737086,0.19867204433359587,0.8213400764504657,0.7263932564753783,0.0,0.0,12.03974143196511,81.52014277197196,10.10655824335971,3
Sydney,Australia,2016-10-17,34.4966959309269,45.11593233089537,2.8362856073871736,5.0937206474881105,11.063456227978044,4.617126651011484,25.08725023229934,28.376185959357333,14.475191570380577,87
Tokyo,Japan,2021-05-25,10.733965059927748,31.122206282554245,2.146839315865532,1.9629387041883355,1.4352310983388503,0.0,12.8084668075758,55.77739522344611,5.06410236424408,25
Delhi,India,2020-05-02,78.78425941479385,115.3514401819192,9.149997419176541,19.937309343933457,40.96776259827764,8.709600922557154,34.1093237974627,58.02823735431477,10.094248114724238,196
Paris,France,2024-12-09,31.56608065631751,55.131366339132455,4.087124165201825,6.375125250719124,16.64601410082441,2.6562737926793387,21.08559705776523,59.335400187110785,8.959415713637302,76
Berlin,Germany,2022-07-11,6.990754772511806,19.112750922590383,2.142844901141115,4.419712783994801,4.0892994362961685,3.315707840864701,11.338251517854992,79.38914401053474,12.135971809358423,41
London,UK,2018-06-13,24.87655446304756,12.063631682435199,2.9191541736100017,6.0011646360859565,5.3175191636934205,3.3924653000643286,17.499534854010474,65.77387258559715,11.301609193856104,40
Sao Paulo,Brazil,2016-08-03,34.05404136579891,52.93488720552213,2.0014680267618195,10.108680485756306,8.350032047857303,4.782546204341657,31.267051368275833,38.18067139569604,7.945928560227076,75
London,UK,2015-12-06,9.325394848556323,12.519657158142588,2.07966053226934,5.220617492239217,10.782735243159824,0.7378319734216979,17.90778126255472,26.331236155580996,5.970649667519056,26
Paris,France,2016-05-30,41.27791411774116,37.456511281200775,3.557535740847106,8.247188486082146,17.72064463527843,3.340396480078354,24.240610444640897,50.523213058581675,9.927738645608605,83
Beijing,China,2019-04-11,66.4321113490547,95.23614109473431,8.19039019607417,16.42327408158933,31.719955880471492,8.041203937332899,35.986471705047165,71.21838895882478,8.522598409854199,166
Tokyo,Japan,2017-06-20,22.33090255121995,47.73124637586641,3.3696421921980937,5.7853957119915425,13.79086770324111,1.4291238479315007,8.732325310901947,36.12149987201889,10.714715473818533,60
London,UK,2019-08-11,55.556500730963165,72.98051101440757,6.050844474944458,7.497884531694524,20.029304801063915,4.762216248091762,13.79152401748884,56.63712362830421,7.639547111514363,111
Cairo,Egypt,2019-12-06,27.73955128058767,25.272569742601934,3.2392468641111494,10.148165339499947,8.322461633654306,0.46971247725367027,17.13995778119889,82.01919269997143,19.791737271102967,60
Sao Paulo,Brazil,2015-03-01,19.683496116182607,21.146895432199468,2.0440516456958644,9.58868669403407,2.588118686419387,2.403739661494573,24.676931717654334,81.71572649878695,10.489915767354477,43
London,UK,2023-06-13,25.641757162891047,44.09126941245107,3.10680772450259,8.143143779712101,12.321558655825465,3.8271003939021866,19.707371863150218,82.52100501544336,9.743031382057568,69
Beijing,China,2017-11-28,44.70960750356996,48.5426769913738,4.1462336613511805,8.408677411913017,24.697752372683272,2.664325786021305,51.37748533659994,81.12113618132103,11.1161945706458,96
New York,USA,2017-07-02,20.62777037428829,34.01122428379338,3.045215585950057,5.911208932006898,9.958322725020997,2.2026615796926743,18.48726716346488,56.10183439294638,15.668850484335323,48
New York,USA,2020-01-11,12.098056826678599,46.7590077652976,3.5447361947187748,6.662582487108206,11.845926187644457,4.474112719986014,29.47526462122858,44.54244664352782,12.035261435622676,67
Cairo,Egypt,2021-11-18,29.101909176055347,47.73282775410035,5.362393472382759,10.906250090752174,20.052341680389173,5.225095786847997,25.161782871149583,47.17036809554095,12.159612723369703,90
Berlin,Germany,2022-12-14,31.371456649067873,53.28913371474643,4.158303847201064,7.602896415083166,18.08060095326571,3.42347874075094,11.181253487722822,56.738660721124724,6.275486775967755,69
Delhi,India,2022-06-15,70.87740664642241,99.47580079000038,8.64203847036096,14.11277066609243,36.65317482949176,8.951205475362226,11.829113689318094,73.1849133686481,14.68785068813279,179
Sao Paulo,Brazil,2016-09-21,8.58637610716893,10.908576502127016,0.6100968988911354,4.758949683863497,5.424695444908786,1.2854851586893892,-0.03862364406753471,72.70836060418452,3.8037080257326377,31
Sao Paulo,Brazil,2021-11-26,33.78688468979096,62.20658595838651,2.741179600880888,2.060975688358349,16.93539817901478,5.8505111815108535,32.38946352939438,64.19318830549251,7.541819071839763,81
Sydney,Australia,2016-05-21,16.732269001477658,37.16357769356219,3.205470159166627,7.52041981499776,21.838640155644313,3.092415967178767,14.910363742925012,59.48851375616011,1.1546204755544096,54
Sao Paulo,Brazil,2016-01-25,21.553587809434482,30.159116020654075,3.102354872033722,4.255160135235599,16.284122669297886,2.9502070649181973,19.906996788613856,53.44210566974164,10.775953419294895,59
London,UK,2021-11-07,29.2643489214455,43.81883510924743,3.8962739712233354,5.7082581530535705,13.52296856111401,3.7237791264553413,28.743891807127277,65.2512265800385,10.967949556837722,84
Beijing,China,2023-08-21,69.31314105800301,108.9046484992889,8.646778247067504,18.030724698799258,32.668965369553675,6.311182841723571,18.657208378136957,88.45496272199881,14.631077011207962,175
Sao Paulo,Brazil,2022-12-25,49.38065360903109,65.68657590961438,5.597315707405596,9.5646962091313,20.335708575891804,6.015771149771142,32.038844371688164,57.21107448638001,7.7490536757429425,108
Cairo,Egypt,2022-09-07,51.00603374464558,57.56145183866458,3.703819046862762,10.898926301016832,19.117150296343365,5.491859802352689,18.522196811825285,50.93503181953973,17.262337672353727,120
Sao Paulo,Brazil,2018-05-15,37.10237179805414,59.62207144043402,3.311166882219231,10.978223574840538,17.49694285385816,5.1204806172412125,9.281427669598445,28.924824679678714,14.089448290125144,89
New York,USA,2017-11-17,19.889742228212448,27.903369187253055,4.17543478441477,3.721176214265345,18.770691813023856,2.1493792653521315,26.38391925608383,53.42763048502031,13.015937155411716,61
Delhi,India,2024-08-25,72.38603546963853,110.20919175395721,8.147812544218528,19.781648690840253,34.54714573411366,8.921400084659982,10.056506253914877,8.75332682409379,9.044861186999155,183
Delhi,India,2021-07-16,112.72302143949013,163.00739620265605,13.337109170791734,27.244931785624097,56.588476460700846,12.419187184691157,31.14321694668872,74.30762630882488,13.590928628539672,272
Delhi,India,2023-10-26,85.29808328846995,134.5286123596682,11.241814133741379,20.59191857811795,40.3055929084124,10.751856295261987,35.49020151495188,35.21785848692198,2.6623736712378,213
Tokyo,Japan,2020-01-03,17.85443850928009,28.13341664370408,2.4439531979085003,3.95359549073039,14.75945375440833,0.5990960215234846,11.71502975219754,57.93490479701905,1.7840559442291628,44
London,UK,2023-09-02,29.90735082864009,32.608864882959615,2.9307009057186835,2.87967046965484,8.334554367842092,2.324803619676063,16.82284903243766,85.63287590007538,12.788455303625623,54
New York,USA,2024-07-02,7.632523892160025,14.58221748496785,1.9401490385212665,4.761081373136747,0.0,0.0,7.424221410853837,55.31960281786037,12.331791872231673,16
Paris,France,2017-02-05,33.22024488178739,47.20152476745156,4.35175799224874,6.7297141967399545,25.158154886779094,2.5923389728819415,21.847405788957246,100.47212438459279,10.03399922279999,84
Delhi,India,2017-03-10,75.81277288594788,114.5960831823759,11.072848474676531,14.976276177340988,44.93373480518531,8.276042847549856,17.33347670765585,51.41511159402676,12.9427663488536,194
London,UK,2023-03-10,7.110863330409715,27.443096232868523,0.0,1.5794123352207916,0.0,1.025887206193036,20.19147777415752,47.170261819113804,12.43936142435537,12
Beijing,China,2018-06-01,80.64548104136351,129.5975794214818,8.906727042128837,18.487127246363986,42.689625111521515,11.684116028535966,23.5561334878566,53.73883938953691,9.99645702711677,204
Delhi,India,2021-03-31,67.82257663177683,106.0233306232341,7.647909667166919,15.259915704480996,33.463512918608195,7.663280263959404,19.338673853741774,101.99443578333032,8.764871496270016,162
London,UK,2023-10-30,16.362290971824205,36.841919714999364,2.2687758267818974,3.6012539233571483,15.08521612909205,3.869603004513637,13.995764342612949,22.669200972787678,15.037568449184612,49
Sydney,Australia,2016-05-02,7.553127995813844,0.0,1.3425973382993093,0.0,4.723056476266098,0.46427306783643413,10.460605806033552,51.85927374146439,13.431592284783504,9
Beijing,China,2024-11-04,64.12206490236242,111.56440584515485,6.085758388288949,18.53442514993725,31.017423750092853,6.751215951676873,6.696863742610102,56.21759218445933,14.608250559622297,153
Sydney,Australia,2015-10-11,17.955774651236737,1.0882430994844103,1.2879110521539454,0.09521311117376197,6.6545275304998714,2.1868873900973003,15.792382063189468,7.915722867457319,10.994740733982473,26
Cairo,Egypt,2021-09-29,55.221473774808494,92.15782191822154,5.578946320350951,14.6604322109009,31.3700300499119,4.8714124159934835,23.196518259189773,49.91640337984657,9.59238663449177,133
Sydney,Australia,2015-04-01,13.563857179432238,17.24291920838388,2.0341524174880248,1.8255081222743947,3.656699484459258,2.6793732829565036,8.51205964841344,73.32625001818424,12.312956464269757,40
London,UK,2018-08-30,0.0,16.741094030473725,0.0,0.0,3.448243573007586,1.1833905092825954,17.484611139555042,48.049796106167165,17.111849308492538,8
Cairo,Egypt,2024-10-15,73.69429025390897,104.05318142565024,7.7917342783590735,15.539111186886869,36.49005642106303,9.018398220888683,34.01598592946429,73.00900185072278,2.4845984912009103,172
Beijing,China,2019-01-09,67.40969686342794,104.76028728047648,9.300200206251695,22.09133497956793,48.63967422402145,9.656723059136183,18.16803381279612,70.69011296961101,14.43827712936918,181
London,UK,2019-07-11,28.97605677956161,32.30070759191402,2.997743089091394,6.3318485041089225,11.686346442457822,3.3389405004696124,13.827468134530768,48.833964921079385,4.499228835141525,50
Beijing,China,2020-08-29,69.09468251756057,102.37772866151886,9.824492433347537,16.288807962341906,35.27496662237005,7.058299123860686,16.12900297525599,73.91075515131556,14.24551055371572,163
Paris,France,2022-06-10,18.042003740709667,12.421262533191904,1.9429707991933909,6.380766327039573,11.500820064426266,2.80066572138121,20.4977368718096,60.14126317256353,6.698394302632765,46
Sydney,Australia,2017-07-13,22.10486472194695,34.920188479927994,1.9739651573324197,0.6933141602575112,14.388610847014782,2.0211625439915957,11.372242359568794,73.86957823827987,8.039936800404352,50
London,UK,2019-09-21,39.48502974788349,61.43569323200478,3.1840442887994653,11.523887970772801,19.245002124935425,4.1807228607537965,21.43388467342251,24.475295342033604,12.043264057403354,91
Cairo,Egypt,2018-05-01,28.83664857078233,38.176408137821085,5.562688374989925,7.641473212614423,23.934910839665996,3.914198536947702,2.926420424070532,37.66951120102682,16.179058100034695,89
Cairo,Egypt,2016-10-17,43.258563517546996,70.60018225852788,6.251782736167545,13.734797631804922,28.793996919571704,5.390231354210914,6.739523139179617,51.730696777534476,11.30140253291443,115
Beijing,China,2018-01-16,43.61424542552479,76.03787881549884,6.001347648429549,12.165593990823174,21.166018661199725,5.819599285794234,10.757668557316956,77.80396822249574,15.176246673618763,121
London,UK,2019-07-30,0.0,0.0,0.0,0.2331240604192783,0.0,0.0,9.960426279185015,64.14534658797888,10.346721685181253,4
Cairo,Egypt,2024-02-26,40.08410436069699,53.33319915412734,4.628344889673947,13.146904180597074,24.96184420716139,3.600418763072403,28.297324178791747,76.22793108983184,4.2586835562369085,98
Sydney,Australia,2024-04-30,29.289659592062765,21.17455193755586,1.7824971789857367,7.435322933687005,11.885981243302593,3.2514762752395234,23.405892164004968,67.81391841856288,3.3676393584445847,54
New York,USA,2021-06-08,38.24794996213887,46.30609255931972,4.0065230501861375,5.037784994888556,18.25701902407134,4.622057441714144,19.37808983000689,82.48706719741006,8.329613845100297,81
London,UK,2024-10-17,25.301678306539422,45.36447849125762,3.6256457420971646,8.050615844081884,13.721892284666566,3.6685274043283327,28.26047171441506,51.26471525523565,1.9671144963066034,76
Cairo,Egypt,2018-01-10,75.70727039345243,90.27737304894382,9.289707805245193,16.194050458897312,35.453948861324236,8.894224129013493,17.65592199683678,44.32468668827207,6.547294738418703,172
Paris,France,2021-11-19,6.640888958847777,15.528217099506447,0.6342400108892483,4.06410413142524,11.34898462134371,0.7699467586299571,22.39404500535377,69.99370220605867,12.360011354596372,27
Sydney,Australia,2015-06-17,16.513412091798614,24.02248952680657,0.36233757767270225,4.938312128778547,9.949163349066968,0.8367138958214185,20.37937835447602,73.66657985622139,8.953430902103193,32
Paris,France,2023-07-04,46.61936247309681,44.34013967365017,2.9689553968462254,9.307637191209752,20.286250020504575,4.119133626155231,34.53260663321034,33.227884005535024,13.464593115158056,87
Paris,France,2023-12-26,22.996889531036484,41.525153531681184,1.0333434122166523,2.5008857281828396,10.638351547919207,1.4128693502104854,19.545887820677617,60.5077684108482,0.4016342190117186,36
Beijing,China,2015-06-04,56.15136112967913,84.46877177600227,8.893632003468815,12.386986211441489,33.05282074699191,7.171037069668191,17.202398315041656,75.80743792103422,11.700256472844453,149
Berlin,Germany,2018-01-08,29.640923302664305,33.88691616816677,2.4877632654922497,4.0296989468844036,9.09835788008418,6.049094425308725,32.44679580736786,32.978512675839575,3.3877102162821497,62
Delhi,India,2015-12-27,88.33632398688984,133.88883835317364,10.445044206446303,21.1490914799942,44.11151809663743,10.785893006293332,-2.19300372747535,55.404007388496126,5.742967828698432,214
Paris,France,2015-12-05,38.926295013017054,39.67481665474304,2.686470313827602,7.843603003954504,13.93075154883685,3.420094490451841,26.06850593215671,101.13087129659083,4.345557823370422,60
Delhi,India,2020-03-02,80.96809435009231,133.9551264634225,9.781313488513907,20.565266372789832,41.61964034304838,11.67581671934471,29.184544439424137,35.08565247107231,10.274670554999243,214
Delhi,India,2015-04-26,64.90747544662332,104.6298294957563,8.591517211544181,22.653432972691046,37.331839301442784,7.522382499245763,14.352259958290578,80.42766590858797,20.442213864349625,178
Cairo,Egypt,2018-05-16,19.400378074304776,61.90965175371782,3.989614177370904,5.463414536247267,16.538516344489743,0.9642522609831223,20.03375506597161,66.55642345686171,14.621350697689149,72
Berlin,Germany,2021-07-25,6.028435807016796,0.0,0.9553837556743172,0.0,1.1675966433591178,0.0,26.511362418236573,77.16902233313331,8.82689715021293,14
Paris,France,2024-06-05,15.157042926832283,30.603233519932132,2.7497953829582555,10.84158618205995,6.752131896903347,4.2641772387524375,29.96858773465808,65.61272808980273,18.793102420975668,56
New York,USA,2015-02-06,26.345795978339645,36.06879346982455,4.273568882418628,8.292938467621768,9.69729085001515,1.7307528054012329,17.97019362604343,43.99922871204707,9.682377126923225,61
London,UK,2018-11-27,36.51349172456605,57.77176618688425,4.908022734808395,11.39686176441057,10.412442664061581,4.243299705234704,22.112836922794727,84.00157912853723,7.540487762468974,97
Berlin,Germany,2016-08-01,3.098557229830681,0.0,0.0,0.0,0.0,0.0,-2.0556605709906925,77.94132393774265,16.374375206393612,0
Beijing,China,2024-07-15,61.911571647875924,99.38508466052481,8.443478684770543,18.09758877912382,36.47336195487233,7.715826201221505,20.819955564135604,69.14560809230483,17.279111610733832,169
New York,USA,2016-05-14,32.345283436877594,43.43826627929361,4.9604591452035045,7.919525591918996,10.75564835930572,4.953369970125191,26.979032725390276,51.13911957743035,7.602535163003783,71
Berlin,Germany,2018-07-12,23.515923976337927,33.77292265631206,2.9613086734428853,8.69991474915276,14.886172608939544,2.8406355912650247,29.41310580767483,39.34952192944921,11.989635249734045,53
Paris,France,2024-03-31,42.509770523038135,56.92366071380914,4.79791111140694,8.720733925315223,18.660952367489188,5.0794919014099715,5.944329808213579,60.31236667899206,14.511385868933235,109
Sao Paulo,Brazil,2024-05-13,28.396419618208846,36.30792088527595,3.6305805856240574,3.884330892295726,13.818100908266462,1.508066099604687,28.902475008365087,63.436786795870624,12.766256099923918,52
Cairo,Egypt,2018-05-07,29.12465078861698,56.372282182533844,3.2516519957757994,9.326412584198247,11.331448774159018,5.048174212666669,7.67476685231491,71.04599875359047,13.128154668230003,84
Sao Paulo,Brazil,2023-10-16,26.510132835423637,38.00442263333556,2.411158143807262,3.882890631847584,3.9494972333096845,3.2996500472996937,4.351972286379448,61.906883988826166,8.682758919588755,59
Cairo,Egypt,2022-01-10,54.48977250255068,80.70552213652908,7.731870704288296,14.670116058168235,29.264623828731114,7.469267589808526,4.644278767928942,75.13577359973964,13.062343970068012,140
Beijing,China,2023-03-24,46.379597631629,71.00692712372368,5.815503215598268,12.56771993313707,29.525467127324735,7.031766727672829,6.877808065685937,72.44139980612097,16.64466659767705,119
Cairo,Egypt,2023-02-12,57.85490212592984,98.72270445700764,7.573709546106982,13.59861719128346,30.380353896339017,6.6948878330968915,20.239030432849553,52.97171528572535,17.81706679416054,131
Beijing,China,2015-05-03,57.66183862339058,79.99864123740372,4.850693825198059,13.235298585982843,16.599893969393506,6.875508016831036,28.85231482988991,48.152880886958926,10.61773847977791,125
Sydney,Australia,2024-08-25,32.67126647869032,42.21092412943399,5.881663402462599,12.72517438106159,17.61478268739139,5.411463035408357,33.414759155308815,45.150315349232315,7.573470823160658,88
Cairo,Egypt,2020-11-21,70.82507139354256,99.22880860174354,6.920185646497947,19.574122223398884,29.076116408752146,7.464862218828549,23.423378344896214,91.08320841429548,14.269879882761119,156
Delhi,India,2019-03-31,87.11644265059054,127.63514668643465,11.158139514518508,16.140879844611398,41.21357016372081,10.841321934916783,8.48985916380493,67.7264663562312,8.977643895069392,212
Sydney,Australia,2019-09-04,40.66509862607428,44.541944308818366,3.949162288433305,8.052104868783216,14.593362095361512,4.295024984028127,12.417179311124098,37.38769330124947,13.113556119501343,82
Paris,France,2019-01-04,25.17842120170004,52.75355430762599,3.018422270834669,7.8063304760759635,17.881376050449827,3.6163874352962875,24.547409121411345,49.67140712224857,9.017667082859514,73
Beijing,China,2016-11-11,53.46710826729881,84.03225836884218,5.601381701136254,13.317692505715792,27.460498026521318,6.89382024750462,17.58502554129221,58.76471600279742,12.39720759043032,143
Sydney,Australia,2020-06-07,19.151173865758665,21.567991446108557,1.7579555877568973,4.625594157610147,9.792314728733965,2.030003933802543,7.038833357501055,50.877583450516234,10.907133100569856,56
London,UK,2023-07-19,28.012884734458396,42.07002177856565,2.9233016911526892,7.637121659250448,12.006285463236742,4.4231278132412,2.1413350806588873,52.80740655095075,11.50553669595871,77
Sydney,Australia,2020-11-05,27.46516831990248,24.498000245679076,0.7459454031579897,3.309071505821854,0.0,1.669400250703239,11.669439429992414,78.30780551120324,7.252298627022325,35
Sydney,Australia,2023-11-01,7.222210792977983,32.98851351853331,0.9787572338820884,6.265114086958404,8.456607048473067,1.782066727335386,23.6873314731752,67.87594596432503,0.3616371032719492,26
London,UK,2017-01-04,24.62578985592161,30.111028165258944,1.1448101531964252,4.995191098845062,17.016422065021967,3.79689171553472,19.379959906339682,79.02898554116173,8.167464898159741,51
Beijing,China,2022-03-10,34.57767005935223,74.42888768508197,4.626006918170696,9.313232041249965,18.40064721490048,6.804136589573007,36.25958915362063,104.37560466896268,9.204773947999744,98
Delhi,India,2016-10-19,75.61678725289605,139.56934426118275,9.232220448732065,21.23355112752526,37.21078988946863,9.811133173261304,11.627375689502998,47.84249478648364,7.304386484255107,208
London,UK,2020-11-25,21.366669558901535,14.7513720693748,2.3705414270138667,6.735918304611117,6.547214541946415,1.432081109252398,17.694753748197492,83.59450416721421,10.970538154766789,43
New York,USA,2020-12-29,16.0193832559402,9.377078501635765,2.381359510442948,4.2172146154035355,5.568766115444465,0.8614142015527692,11.133190777165428,70.69634672691821,16.14490251244531,34
New York,USA,2021-01-06,14.291933517757421,0.0,0.9153822693428004,2.937882134258196,2.3612663320726655,0.563493625210404,13.322204435311138,65.84385456652747,9.063354907968126,30
Sydney,Australia,2018-03-08,0.0,0.0,0.45768658605355206,0.0,0.0,0.0,33.88337778208448,52.299563765742725,11.914944923704642,0
Cairo,Egypt,2021-08-31,38.947167600964,82.08207216631736,6.415396505456288,13.41653727934918,40.50495082574531,4.115887060501412,37.24696649761108,54.25104961199289,11.436644522015047,124
Beijing,China,2024-02-28,57.078818333009785,83.10167071761241,7.72950873557301,11.765652606656642,32.60231667008706,6.983805595114746,8.699306609596423,50.99974284008373,16.285746084312862,148
Sydney,Australia,2020-06-23,6.992268091048102,0.4904372428452666,1.4079218499236195,2.6710154775804082,9.994435333185645,0.4744360545007845,26.686548047579066,61.961350790778894,16.47935890931507,13
Berlin,Germany,2018-06-06,12.925026564386407,11.853027038833183,1.0858118228915024,2.483504968896746,5.6089615857067106,1.033770956878042,22.147131831705263,91.56236115124369,14.927248428076092,23
New York,USA,2016-08-05,28.12230236988065,36.70759171771676,4.755300558237753,9.352093585059588,21.090682703003928,3.1960193740307705,17.70451344639653,27.21031674949132,8.037644469695636,76
Tokyo,Japan,2020-05-09,25.267523103859013,47.80479795200824,3.2594968940021887,7.548114056443121,9.209234440737331,3.5352094496339013,-9.911359709007233,56.2620768367603,1.8476337814242996,69
Cairo,Egypt,2019-01-23,66.28703676382256,98.2667098196608,9.32100622715938,13.702166958350327,38.189452791662234,8.732191564260386,17.63444712781054,82.71240294365889,4.468532437941829,156
Tokyo,Japan,2023-09-22,2.957051383801498,3.7102229193598477,0.0,3.94616613419065,1.9645823985206734,1.1025049683568795,14.296486335863195,23.587933989029658,11.35028679195711,15
Cairo,Egypt,2020-04-21,24.456829769572657,23.51684961167189,5.087275999230808,8.022725444349444,12.823015165085922,4.363706677654669,11.536840225342642,70.86958757340186,10.999052168593568,62
Cairo,Egypt,2024-09-01,57.16176750053384,83.52492102779803,6.638723662825024,9.39022512754341,21.559814818882145,6.227291066404276,20.933723742766514,37.39592550652152,22.058383377892106,127
Delhi,India,2018-06-17,101.01059160196242,147.72036861283746,12.037791030098848,22.596163079955527,49.30992207407545,12.50775254014275,7.582394245183757,66.68352834489795,9.223704755876255,245
Sao Paulo,Brazil,2015-07-19,4.498074946102491,9.063944665783556,2.9876876573401905,3.3131062490675163,0.0,1.586036289417637,4.526960110616345,81.65382107774147,7.644376740910607,22
Paris,France,2023-07-21,27.428983237710952,18.3283643141575,1.2028818148870088,4.0328013473079904,14.553515404077267,1.0806539245231577,-8.32155598110569,50.97682283182002,12.758703999554601,52
Tokyo,Japan,2015-07-14,28.084193189573007,41.48573392883998,4.953900734255748,3.8605166006091594,13.645916899267965,3.990423889925058,24.492187212850343,49.80386613618235,10.172205058529206,76
Sydney,Australia,2019-01-03,0.0,4.535087125544674,0.0,0.11796844317919475,1.787490003210792,0.0,21.70463770996571,40.74534869430775,8.966943601519766,0
Berlin,Germany,2016-02-08,25.984864804842175,31.934687304360644,3.3742164042907934,7.729219581273236,4.4002348856900895,4.309074064955898,16.637452613189282,68.5097986648046,15.986234618226138,63
Berlin,Germany,2024-10-31,0.0,0.0,0.0,3.7698731516736173,0.0,0.0,22.043890316029767,35.95700947847823,8.02159644121868,3
Delhi,India,2018-02-07,81.93569797808745,124.4661314110005,9.92066788755163,17.871059381638467,43.08637284535696,12.204933071647243,20.18401630783438,64.50528234495098,13.463613775584298,209
Tokyo,Japan,2022-07-01,8.912573290648028,2.6232879642280205,1.681856899089109,0.0,7.472247690231299,0.8251554940347832,25.530400858523585,64.68048908706297,8.757356909627752,1
Cairo,Egypt,2015-07-25,63.10179934924024,73.92930296412847,6.682813538292998,15.228308495614506,32.43999593266222,7.7434115111001045,32.18970789793663,20.977962719227506,10.7179396825258,156
Delhi,India,2019-06-13,61.79856147742084,86.05541285557997,7.669609972024118,12.772234078820468,34.117859726631,8.291724664058851,25.835443030118874,57.40965506273118,12.89928642647566,145
Beijing,China,2016-12-18,55.47777829510356,93.2948089432392,7.470610559979186,11.340795060385181,27.045669269092414,5.106858456241353,25.72390311175676,69.01206825725077,0.6509183023391802,128
Delhi,India,2016-07-04,64.58430551628116,95.99140252859173,7.040523064581195,17.277957458704368,34.005894435762045,8.055730868021481,12.44208499841637,80.97414252833127,18.277035565441476,165
Berlin,Germany,2022-02-25,8.939165414225897,22.912076654119964,1.1419706202530138,2.7212055986735315,8.958612606898686,0.0,33.183023248526695,61.453610486586825,7.9425342771890985,30
Sao Paulo,Brazil,2016-08-10,30.612146775102595,28.88798696555074,5.344938227453236,7.782651264541237,17.1720085217895,4.801549770574043,9.788375424396998,69.46943798070457,8.661794545506032,77
Tokyo,Japan,2021-02-18,15.363862898242523,38.00905699758731,2.6471793442160383,7.364525901268311,14.880176749472808,2.542374105177974,12.878261358239564,57.78669262885341,5.516788863423959,65
Sao Paulo,Brazil,2022-07-16,40.15396399776277,33.930117806783585,4.875177943378194,8.422912358312056,14.474896738156218,4.012573361777427,21.0940847183297,86.57281656496463,11.5659223693249,105
Paris,France,2019-09-05,16.679520975853514,17.009096897810082,1.1053996308368554,1.2912746635340313,0.1926847729931236,1.4100762934405546,21.580534899201318,58.067526599702205,7.920165360263207,36
Sao Paulo,Brazil,2015-10-17,23.441230958424846,17.42868080053415,3.3260279138434754,3.095565962146551,7.190259050587861,1.0832148093843232,14.985978531143633,79.50624916955958,12.578140442219782,51
Tokyo,Japan,2015-07-15,30.21071272966968,30.363301714696306,3.119210775672443,5.339601741765075,19.122299616156162,2.253211353573689,28.936976893891106,77.85907740217539,19.148101008580436,69
Cairo,Egypt,2017-03-30,46.361610797900816,87.01651836538844,4.732358323066304,7.629919504935282,13.879959864368947,6.062712028861332,1.1684979194141611,52.553618941241545,12.186565935194803,107
Paris,France,2015-11-08,26.12722432092086,38.22289855800854,4.278865813313393,4.095367238522406,9.292019446165874,2.2273405547291762,28.3019181186261,78.00797176790127,12.25612659659254,60
Tokyo,Japan,2019-11-05,24.109795663118096,61.67224111551137,5.273238621712258,8.971243994491493,22.12719563508424,2.093376792322226,14.75551863737348,45.29393078636095,13.607396618786716,75
Sydney,Australia,2020-11-04,3.7874757466874276,13.705361439967135,0.6952029000839993,0.5675020473230022,0.0,0.0,32.49618905296667,75.58698007810665,9.80490240311228,0
Sao Paulo,Brazil,2023-03-21,16.670960634443116,29.49147581315561,5.261419087139723,4.139088857995066,14.157919284884322,4.357443973195199,7.450773319977076,63.694209495621664,14.689577687553275,67
Berlin,Germany,2020-05-14,32.34201527833384,10.314007411218046,3.308728529883879,4.154396525207071,12.0876806193467,2.6913071516992457,12.668438028900034,64.5799278491868,0.7104927430085635,45
Paris,France,2016-03-31,30.690792329952632,50.18660168643102,4.708118325087151,8.035239680419423,15.192357679193107,2.768931663338708,12.87779236350949,83.73469240354662,17.181677028529894,73
Sydney,Australia,2023-08-08,9.03001373626637,4.153856250062338,2.2727568452674447,3.5308336473835578,12.164869745854997,0.2216769228202612,16.219921009817828,64.62891845051145,13.232447688628852,22
Paris,France,2021-06-17,14.8351945477315,37.61407528923571,3.1211353625455818,2.967451798872551,15.021771204421984,3.570198709196604,21.34296497247793,61.591957247520725,12.770288855579537,48
Sao Paulo,Brazil,2018-02-23,21.750157395820413,10.876164553908197,3.5764556455029357,2.2770135551162816,16.813679313715998,2.36987990603355,17.88333018068823,47.44532187830988,8.559805630389619,54
Beijing,China,2021-04-27,64.36095671732461,127.96965386088186,9.938023481101709,16.78595670428557,34.098750427803054,11.276393027208204,10.544931200572687,36.93298978808081,15.686572711823647,192
Delhi,India,2018-09-25,79.31037211731801,128.1662497540462,9.474247316359723,23.20164279684521,46.24548385949254,11.032006198821943,23.616610612470165,95.22376249734748,9.998431636941126,210
Paris,France,2023-08-20,9.847369564161536,32.26047049537114,0.0,1.1770744666120287,5.465784152405811,0.896095150994261,10.176964196226855,82.43715712460941,21.600203610086297,19
Beijing,China,2023-09-01,57.47965855132,77.51039474946525,8.00797598122118,17.707754686632516,32.90067098598153,7.747596159081146,14.107283482106938,38.1567273456382,14.17375663162441,155
Sao Paulo,Brazil,2017-07-16,35.07135106654634,80.09838978180684,5.924071220894001,13.499189290291588,16.03148900605954,3.984175844584562,18.51030690232703,70.05568853790388,18.98180411463482,107
Paris,France,2018-10-07,29.186593615939834,35.33630792334108,5.030000572719151,5.670589148498571,21.713874219089288,3.515615350393491,35.905820726178504,73.57862580118557,9.315022552787708,76
New York,USA,2015-01-11,11.895460613269602,24.683166923752374,1.7771564962177169,2.21237718386259,6.137474358729472,1.7785770297191499,-1.28734094414812,69.16336229577398,5.101393876415966,34
Beijing,China,2019-09-13,37.56327826444645,51.0610750213211,4.3945524968877105,10.08195808473902,30.813036550106272,5.224120324104796,21.777501062680315,68.00962773012657,10.655325931079243,115
Paris,France,2019-09-27,14.823531182003777,45.70927548279212,4.407196643637885,1.8346826117546287,6.303885636454482,2.320189657622994,10.354622050898087,70.1193110691173,6.358638987966935,52
Berlin,Germany,2015-07-05,49.55274297171798,67.52574030632213,6.476986263319732,13.11180084871462,19.544210047767027,4.633782755458036,20.781430629696473,77.23272248995889,10.695301993267089,109
Sao Paulo,Brazil,2016-08-30,8.785877780245789,18.46027136405622,1.5243343956741697,7.145084353579616,0.8560482304040082,2.1055892418358746,34.8911310832829,105.42899490845592,7.978012884080194,32
Cairo,Egypt,2016-09-18,56.44880178599324,82.3548173155329,6.601154798760694,14.271950779000091,16.67101565912126,7.382069490062632,21.26177903661967,55.550502064434696,20.23431097859779,134
Berlin,Germany,2016-12-19,7.584620054674847,34.31553302204734,0.36793869515014355,1.2997694341269226,4.211898306276601,2.040734482129549,22.078025073533134,34.147493056954744,7.339157184364052,24
Sao Paulo,Brazil,2018-06-16,24.013894773884775,40.858436586298296,3.4682057558879724,2.547976491903196,16.455763950243426,3.302568845996624,33.84532047593906,68.88396654581344,15.50661478867881,61
Paris,France,2016-09-29,33.93112878101374,46.022506360177786,3.3020847535570965,11.344869440893763,17.15614848911957,3.9737444210044135,7.236955834616641,34.233847650729246,11.463577410709267,68
Berlin,Germany,2018-09-02,16.52938717495842,30.8098269961206,4.0386269280435965,6.290804949100598,5.235965960989048,2.3384911728570565,11.950335191474391,52.24600167182878,7.931921671851786,49
Cairo,Egypt,2019-11-22,35.72432314013302,61.7234531848181,4.68939236315269,4.641102619995464,29.211888098006654,6.338769654216672,16.23699275075004,60.37638099481197,4.141728263412191,105
Paris,France,2016-05-17,51.486443473865556,64.56693728246525,6.273530644185344,10.850573557867847,15.653098244496277,4.838176631036343,21.31927966771957,50.909045625131114,8.90673361282482,105
Paris,France,2016-03-31,20.395607510672694,31.72258490497483,1.5393949336033992,3.7659677017441275,5.261662937200123,3.5778155496862003,-1.0564694184032462,83.0718068663385,16.931746986314216,52
Delhi,India,2015-11-10,62.98431456086351,110.38689438032709,9.43581583871118,16.978803560142172,35.93912642476703,11.030195198863352,26.64927162301741,41.508717712438,2.0120041520228398,190
London,UK,2023-12-20,18.93271610324781,34.96199187363317,1.964683287432341,6.022999150723723,17.74061616024092,3.3155010224442627,19.519114926692275,56.336990578934106,8.216634329100645,50
New York,USA,2017-12-24,30.863432770243485,51.45222708999982,4.3011979018810855,7.496431614376936,11.510137808463597,4.572974503617668,19.389960281446164,70.0048093887314,7.331998467804166,85
Sydney,Australia,2021-12-27,22.01613109394078,56.72040284017893,1.5523634901717387,7.469540129113783,15.101722730106495,2.504442932059118,24.243939378610126,85.59037339520317,0.0,66
Sydney,Australia,2015-06-06,5.5336458983496115,17.34335196476792,3.879166364900945,3.336435933215892,4.30448014236411,2.052062271015318,40.67906338163552,23.36635505587948,4.743450441803278,45
Sao Paulo,Brazil,2018-04-09,58.888511717688665,73.36568775709715,4.960947297473358,16.59168700361832,31.177769566996787,6.878946987762233,11.875976510625799,59.019413183239266,9.198199594775847,124
Berlin,Germany,2023-11-29,28.855007190656682,41.19417041137403,1.622623923015242,8.152992900039076,12.052528560052622,3.3870657958589163,34.66540859278603,37.76839500972898,9.820872106467686,54
New York,USA,2015-07-20,5.760702873172722,23.867099776049198,4.211556551584424,0.0,6.67087755580212,2.3405429350747737,21.23078201656181,57.73743894968519,3.503918182770879,34
Paris,France,2024-07-18,20.616180114920372,14.700782950214467,4.244592220513731,8.016771639684086,12.40664390740432,3.2790746882057027,30.743180127155615,64.48679313556165,14.520087773806573,61
Beijing,China,2019-08-25,62.959918692869735,87.80785725932684,7.244051943605875,11.559877822575938,29.347823417206836,6.218045082505549,13.617172734715059,43.69248743367758,4.668825340503875,141
Paris,France,2019-03-29,53.85669530994202,90.0036750214426,4.677104980444437,11.942507499821785,18.42596949918362,5.2043051228029364,10.818730165834252,84.79168012883123,8.0188516094912,118
Cairo,Egypt,2018-06-29,63.82060444794259,114.23638752104789,6.120555776860277,17.7184664795736,34.985763481602916,6.626621161972966,30.071333364731597,66.72289926052457,8.86261870023296,152
Sydney,Australia,2017-04-23,0.0,23.49812095785926,0.2506828189574826,2.0642600030629183,0.0,0.0,30.81984809249942,33.008475768969355,7.923931160473643,5
Sao Paulo,Brazil,2020-08-28,32.95686300920026,46.80906714983844,4.445819781095923,9.485711511635623,19.13855018183732,3.064196191332173,17.158449020712027,83.89525723753876,14.473235937869362,81
Sydney,Australia,2021-06-28,1.7573995017610082,0.0,0.04693490206036963,3.795534033491954,0.0,0.0,27.640297815728594,29.14396969580708,6.836224850574805,0
Delhi,India,2023-07-31,83.628570761553,127.84030012789027,11.594185710315037,22.543092167073127,44.467273585181616,10.510877720729964,23.700611152689554,57.52534639800487,12.289028049628923,217
New York,USA,2017-10-19,13.087155128102294,11.10042207447986,1.714992389993764,1.8779982727423103,2.5438141993520267,2.008661147855388,22.127397758576603,75.65747469897146,7.844372152124505,35
Delhi,India,2024-01-25,87.55398786136833,131.64773807831594,9.774346317197859,21.49872696454238,43.85656118421865,10.607178466907943,-0.8647765837108459,63.2097924794696,21.06265519698621,212
Sao Paulo,Brazil,2019-06-08,23.959614510723394,45.13348559711398,3.7623782104665717,9.28547033083283,8.76852737636445,4.181380252574993,25.904220612514635,57.15706926118908,11.69343658960845,69
New York,USA,2017-12-22,36.36157690014225,36.569806879262714,4.820158186755484,7.870622789934963,16.29149639206206,4.073196991001694,18.4975701120174,83.8341499421413,9.58141020075394,80
Sydney,Australia,2020-02-25,0.0,1.786947168104756,1.2292147842970504,1.2061893698976671,0.0,2.4851899166788916,22.647753109779796,85.50781475998029,9.241427832113855,0
New York,USA,2024-10-22,30.597342522592026,51.78194711754256,4.357368305378225,8.344394000145956,11.939653075223566,2.728253958043939,23.326075103241976,78.66256144682139,8.886396496116966,66
Sao Paulo,Brazil,2016-08-13,51.6630837274309,57.4367908092658,4.713079296203721,10.819249882189329,23.430450672756788,5.02543298623295,33.52202678867144,68.48133723036902,10.197235241203698,111
Sydney,Australia,2023-05-22,0.0,2.8100925028180628,0.0,2.0252748192881436,0.0,3.2430929695947333,43.079162506161104,56.371018615049664,9.468314987343426,0
Delhi,India,2021-04-25,100.1158630495902,121.01970942563983,9.663624534645315,21.65593038889124,48.13095033269546,11.946873590507598,30.6977145498385,36.006049432693835,0.0,229
New York,USA,2017-01-18,25.859018635173825,24.81512135611362,3.8950637459593818,9.086351376437355,14.51177147151489,3.2921516138175106,18.406377678540935,52.588344751984344,3.259764440299165,75
London,UK,2019-03-08,17.806399525069075,26.016785413765,2.0680598059668203,1.8097030362932414,6.873987351457332,0.0,21.7847666388539,88.57715415627135,2.629339339789471,38
Sao Paulo,Brazil,2017-10-09,26.44553389355065,49.72842634427484,2.6517753836998508,4.8154993414682075,4.524307430335668,3.2034381293081067,40.42076040143744,65.54716923929352,9.888605104081433,62
Berlin,Germany,2022-12-21,21.544539980256992,24.269856277398702,3.5232799156777057,5.851523046223509,10.87045300773463,1.7246339727217501,33.03507931934759,73.2940549066622,7.23539581316349,54
Sydney,Australia,2017-01-21,21.512145808073964,28.17996507488963,2.240296882519713,2.4578628938238176,13.886169521672823,1.1688551216616498,7.715561687342374,18.488239818429335,9.569651536045535,60
Cairo,Egypt,2018-11-02,44.36651893406818,58.57422305329423,4.57776624656336,12.428739727093149,20.79779227316605,6.0663583215361445,11.147513138757775,63.62125485542165,16.516390186580317,115
Sao Paulo,Brazil,2024-04-25,36.737930908917605,60.77198970355927,4.609334825469787,9.715760369389457,18.097555791405988,4.68566479411461,22.120933530741752,40.132826008360986,4.920605865050108,97
Beijing,China,2020-08-25,35.19864447748145,52.627173077795206,5.559462506804129,9.014424969016233,23.654457856924388,5.4347137487525625,0.31495786561946204,73.09951168443379,14.05399322795855,108
Cairo,Egypt,2021-07-19,38.10095771447496,45.43501762590801,4.597670376748336,6.471003186090069,10.827574189861693,4.117182810387031,18.76271053725164,52.04640612770792,4.079847208887203,90
Beijing,China,2018-01-12,56.54647376290367,82.35106969877462,7.0825010305992135,12.459769599091535,32.28687165886464,5.7238266634452195,24.875602970867185,83.63782185919924,12.404540463744476,138
Berlin,Germany,2017-06-08,12.558514766685105,33.16087651046256,0.4770250747383271,1.859751479240713,6.009768938033115,3.1376537575119983,23.79767636040896,40.639084829795095,8.448461473075481,38
Tokyo,Japan,2022-07-04,4.851055038832325,22.38889558556779,0.0,5.317561711468747,7.512918760738492,2.140861670603698,15.370604879747418,57.001185618417814,2.83424092737644,21
New York,USA,2022-10-16,16.068274238215757,33.36063061781396,0.5928431831975485,2.6689881260294688,6.1948031190699115,0.30421079780751503,25.913492417584003,45.52019336514782,9.02304824411488,34
Berlin,Germany,2018-12-26,8.45330747140163,18.529550145194452,1.3343904214319777,2.356284235442669,3.286153513278629,1.8695246707829556,36.536172684922846,62.79774465678255,14.980591074555644,31
Tokyo,Japan,2015-12-21,0.7888071964688474,0.0,0.0,0.0,4.7675973376542915,0.9500158286696456,22.430047220543997,29.345988802201383,9.018596743060316,0
Sydney,Australia,2015-11-11,16.47768114789299,4.96206416519254,1.0596821519801285,3.771844471702567,9.94516363806876,0.0,18.378760245201416,62.86097539757905,14.248059942581065,39
Beijing,China,2017-02-06,70.91285659404403,94.00059493298066,6.591997862876692,16.213894485877198,38.00652730083424,9.893454527524431,27.10549102297785,68.58681645603468,11.898198241929828,170
Sao Paulo,Brazil,2021-11-16,24.549698532231904,54.49069525826331,2.207441994208124,9.529557581419704,11.311887382031768,4.475432109095079,5.931849905024617,71.71808402329299,6.31614932026189,63
Delhi,India,2018-02-03,63.89267021205473,104.29471788595968,7.005058561406504,12.701968079083198,31.03262094266018,7.76256467122282,25.483196275544987,78.99189142728977,9.70292409363753,157
Berlin,Germany,2019-02-18,41.12117372267646,56.535734939931004,3.388432640897172,9.474680959367664,18.654452218355456,5.96030479628147,24.62483624066854,36.41261756734765,10.861271932055187,100
Delhi,India,2023-11-01,95.64015679693917,140.8750396741406,11.760846654311479,22.12017198923033,45.5532480216938,12.249504900706158,6.6722260252035035,53.01121345566088,6.1371562562187965,220
New York,USA,2018-04-14,30.55111087825394,30.63025713278926,0.6596956325305623,5.27555850995106,15.853894928069627,3.58762990294988,24.28186247810576,54.4001339625104,3.6048463189010684,61
Delhi,India,2016-12-15,81.82859094982688,150.84096733380457,11.320507208354517,20.338703394892097,40.554459010445484,10.657055793386412,17.6049807797825,82.3366755105991,10.932080848720231,215
Sydney,Australia,2024-03-31,12.652203425778914,5.293083315202226,1.1688396759688968,0.0,3.052462510978094,0.7111099911431953,1.1035070790384722,100.3055022092128,16.453222304612737,8
Beijing,China,2017-05-10,49.688651297720725,86.27561613803552,6.986697699414397,14.51133789712646,28.36630958477636,7.4062409893059264,34.473056993918064,71.36206410257293,4.751722505450294,138
London,UK,2015-06-25,48.20307281744144,91.52056734512085,3.8765059667604023,10.48576402630055,11.671605187244051,5.5531491563792095,14.517997018332274,98.46891589649906,6.12692514990709,100
Sao Paulo,Brazil,2017-11-17,9.243681296487402,0.0,2.20109945450731,0.0,5.913830324732636,0.0,16.797021954633582,92.86756311609068,11.803239457178975,29
London,UK,2016-05-22,13.443982555304581,20.580168720444465,2.1726303458434058,0.6662832734383475,9.170269095389322,0.0,13.701154476361896,50.23452315096911,13.166634130356192,34
New York,USA,2022-09-04,12.972184730718567,20.15006874182985,2.698680009547407,4.841865316270887,7.683503561457014,2.0191662104880206,26.96167997159289,49.646148542615705,9.559543779854634,50
New York,USA,2024-03-30,38.881586815580384,50.481572684253415,6.5335896647986065,10.142713877411794,21.72704988902952,4.968843621868886,17.401998592324876,91.97076224192682,14.010642293090598,115
London,UK,2023-06-15,26.918864721036773,39.488462634471304,1.410921340514573,6.8812383578344924,20.826812745542632,4.766946515748371,17.78486737047876,59.55399432563894,6.555572287122972,85
Delhi,India,2021-02-15,86.22939139740308,107.44113212589527,10.599647687837349,22.464869741909336,39.539598844146525,11.000700612120584,48.14654444472553,57.91314414026216,11.966535250026618,206
Berlin,Germany,2022-05-21,9.706255813010253,17.80271624982304,1.2948423402701381,0.1606093605822867,5.225447085301803,2.562195938717637,24.486357645145272,79.23974378143683,8.814940149936861,22
Sao Paulo,Brazil,2024-01-10,42.196339191082636,51.69089270312767,5.418521004798875,8.21660667311938,17.868478900460836,5.289328307292375,22.97244273380124,36.215350698457414,15.269928855914381,102
Cairo,Egypt,2015-10-16,51.27635782194559,66.82415203550825,6.705095420918569,12.80811257227768,27.852561828212092,6.486883338844434,-0.07456860745009664,52.233061233976834,8.471904444658435,137
Sao Paulo,Brazil,2020-07-25,36.10900162694475,76.18674673372566,3.038359449348243,12.522334995605249,18.902724116487583,5.809584872343557,20.79801484058733,82.79111072050938,8.063190177235944,99
Tokyo,Japan,2020-04-25,9.902521436355316,3.0651935411785884,0.5715584736242106,3.1695038280895904,0.0,0.9454908976392573,14.101052435371091,57.35661288711256,10.361394826921444,7
Delhi,India,2021-03-25,57.70581478589783,105.91072892413138,8.586191188584795,15.27472084534553,31.772493834051573,7.4057574943635425,33.56583385827982,55.99294844411672,11.15921046067424,154
London,UK,2017-09-14,33.71314257577047,71.98789184496894,3.1695385902566233,12.659284262225597,17.3092976641921,4.457301252174719,1.0998982881705714,50.90410565244614,4.800967344865579,94
Beijing,China,2019-12-09,51.71344517105561,88.17791614472905,6.757603351400626,13.715353306802228,21.817922444617754,5.6692459103972705,37.98725018351312,45.29597930473507,18.28104126028648,131
Tokyo,Japan,2017-11-28,12.811439680717521,29.9036516022993,2.8718924219386563,2.978374879441825,4.847027785913845,1.544079551477787,23.379575282321184,77.8260737373951,10.021149294970758,32
Beijing,China,2022-04-12,75.39179866135471,104.61309612264785,8.711652856004779,13.762178349819866,23.077079452683748,8.788375729230168,19.051757687191277,49.70434650170516,11.217651020931722,168
Paris,France,2023-05-05,26.838901253169496,32.66110868258978,1.9030767149298327,7.280332477918579,9.731475700215192,3.1765366836723077,15.225892938071995,47.003462290051274,10.420841150928482,53
Cairo,Egypt,2023-07-05,50.399135176834164,69.31354246690258,4.163640216229602,11.134452232823223,27.175273868575264,5.702623920756894,17.53616597485452,79.72753011811875,6.440133863705386,120
New York,USA,2018-02-11,0.3968444023725284,0.0,0.0,0.0,2.566022588987135,0.14071143843218428,23.06981072686238,96.26815397030846,8.28560569221218,3
Delhi,India,2024-01-05,80.65393318700433,116.33640280113026,9.815092346582231,19.842482856956625,43.0379031901885,12.749075786700757,12.839565637241597,51.66749388769075,9.68438493444376,208
Tokyo,Japan,2016-05-27,21.717754059773927,43.440957939481166,0.12360792946479204,0.3261402596086551,8.216487311959405,3.647300187543709,4.343519683944038,-0.15264679387514235,12.855897031096044,51
Cairo,Egypt,2016-06-06,45.34895796600286,66.34460399279071,5.380256280365326,12.921070634947881,22.894738895267974,6.84406391897552,-8.54626662904391,42.86296269744402,4.369730195444749,127
London,UK,2015-02-04,18.109761207549308,39.17843779895767,0.7406632283399426,5.290982952661504,12.633345692846822,4.456647436561955,15.182340289065248,66.48917208705033,0.9806860371881747,52
Delhi,India,2023-12-22,55.4238718789085,76.74439706351929,7.578512689798423,10.053194222060503,27.67960855811501,8.268817840543853,24.197056083572658,65.53163011182097,10.04278040412175,128
Berlin,Germany,2015-05-07,6.77786467855174,0.0,0.5044832563830169,0.0,0.0,1.4350873992222355,16.52697711042157,89.0655095208509,9.60884670470741,0
Paris,France,2020-04-29,4.460337998658603,0.0,0.6986888135170435,0.05042173508016423,0.0,0.16429476537056906,41.96223142152799,69.85972917028919,9.712411234972684,0
Sydney,Australia,2017-07-06,25.853342326015554,39.29534230262794,2.0083748278408975,6.667696051579197,16.54177366566778,2.2639378478999754,34.24495821246948,58.16587951709748,5.561152442307296,62
Delhi,India,2016-08-15,90.16602882130866,144.9951488748611,11.158241367741464,22.780347712940195,47.77424081733717,11.740897057590008,0.04468219548261487,37.57512519811216,14.647049923954079,229
Beijing,China,2021-09-24,55.781343486142895,74.01425984742525,6.2202636787241525,10.556402720076107,28.79487712519387,6.701562419418954,10.334121090146848,58.63753149664094,11.81985315426369,146
Sao Paulo,Brazil,2023-04-03,49.24058290218394,96.79381043300522,8.073101561015072,12.6418145212466,29.212943818344126,6.642366750662386,21.85688580418739,90.18262026809101,13.028031163156566,142
New York,USA,2019-03-20,23.848453400226788,24.15943335075665,3.041531789459592,8.91321630972783,6.89132857364141,2.194910631823305,21.262677362340682,40.30690430305475,6.037382764423937,65
Paris,France,2023-11-18,9.971912979049254,15.458781537836316,2.803427916787309,1.5852604355380722,2.0085114620206497,1.4699750204661057,27.31955502509846,56.061563840062206,7.677094609421909,42
Tokyo,Japan,2021-09-27,7.6714628357017425,29.547056537750322,2.4334350314036444,3.2813830518085583,12.223698047185668,0.9225039010469616,31.27908993253569,63.08987331190502,8.317237050609133,41
Sydney,Australia,2018-03-22,11.063676170945293,29.60282896417717,0.3733208725289867,1.3749615217068039,9.94521156828992,0.8544650648161409,29.005330773315915,93.98871966017418,7.991024865291832,29
Sao Paulo,Brazil,2024-01-19,34.231538593300705,67.54733298067809,5.199423985986767,10.94607656432043,17.41771171185842,3.3389165844328277,25.032520647495048,18.731936950410912,8.413247538787326,100
Tokyo,Japan,2017-10-16,28.159488679365182,60.28342644789813,4.425109152581774,5.492203223348848,13.709253519405756,3.3526292974555645,4.178232366538728,41.19202167031294,7.196195465100699,68
Beijing,China,2020-04-04,35.43746734125822,50.30928155346959,2.7271060986884263,9.608425730554664,20.46349097876384,4.627034478864889,16.759318247910297,71.8288430350371,13.401101802383454,88
New York,USA,2020-10-28,19.476938747826196,38.166007655111805,4.145480650825479,4.70674188277654,20.191757356529727,2.4243690660146155,20.324070133401364,46.550288079873276,11.116354179601304,59
Paris,France,2024-04-28,0.0,0.0,0.2353383478922909,2.188894751017815,2.984024748458206,0.0,40.4206965292788,65.90559881241737,6.117504297534999,2
Paris,France,2024-09-05,24.480949112513464,28.731512830484363,3.1479166673420758,4.685055424759386,10.18255202923991,2.263720864244916,5.673287102603473,62.91672940430768,12.926497182581691,59
Tokyo,Japan,2024-07-12,26.09962626317617,36.243402100148685,2.2172745017830966,7.179327728862377,5.56992984063226,1.8493286174875199,10.357999285767553,81.6011211827862,14.713942570700379,55
Delhi,India,2016-06-04,90.959649326059,119.60717217588012,11.048595119860982,21.149651143233672,46.18752841553966,10.584775767447804,16.15057111589919,70.8181703712198,14.380845835956164,214
Cairo,Egypt,2023-11-13,39.29462164323812,48.81559366358347,2.4519389825070608,10.300919262827458,22.23562142501853,5.212066809086726,0.5043828224563285,52.98301139847051,0.0,99
Tokyo,Japan,2017-11-27,26.969727089409567,61.154036094598965,4.995869643684145,6.298819294927876,11.66886019492902,4.400370216386338,11.55675962816929,62.04969284316415,7.585862045965408,81
Sydney,Australia,2016-02-09,0.0,2.266842484945972,0.0,0.0,2.7834553563751414,1.1734422766324448,17.274552786381907,53.18802586180277,12.500715165569419,0
Sydney,Australia,2017-08-21,1.115765273738485,5.51885971822154,0.6802302084176292,0.0,0.0,0.0,20.99886954409213,69.61489159535968,17.483552037229906,0
Sao Paulo,Brazil,2021-05-29,23.512137508453932,50.49672018878747,3.546576938530305,9.035303022375947,14.154912012039345,2.092883381286729,6.668716452221934,28.96975501882142,13.310259173792366,65
Paris,France,2022-10-04,45.2468107069319,62.431053323232405,5.662838577534986,7.839967334692631,13.374336733024574,5.350079332417553,24.176807522394007,62.14888748681785,11.93685740316495,90
Cairo,Egypt,2020-06-11,58.01908429926781,90.34985584816955,6.9942203523403474,14.591605745125857,27.856250209699105,5.9888302679653815,27.5656467491314,32.11009862281477,15.269457761479416,129
Delhi,India,2016-11-16,67.02901643397367,89.9484604157384,8.753388983074428,16.332149548144184,26.420976167346673,8.62069963101848,14.220792231672894,77.62293441626738,10.006628443672037,164
Paris,France,2018-06-16,21.612155224923942,33.70667768572638,2.841361363898916,8.313404960485112,19.90950835122196,2.4948282482571242,30.768481446576804,16.60645164548596,4.029052994538553,66
Delhi,India,2016-04-06,61.637456552796394,86.76411610212419,8.962998912137799,16.67186460454428,35.71762159042044,9.240472686121514,22.656169931725334,73.15526352300748,9.652338568788654,171
Paris,France,2020-03-09,12.889070904103981,5.508878672188731,0.014403701237574174,1.544164248391204,0.14875632281394813,0.5325696180105679,23.440539215634665,66.96683478492254,5.510849667871853,19
Cairo,Egypt,2016-04-25,47.37166502385122,67.96400117733941,7.325065039348542,12.860256347483055,25.577172274239757,3.862131449544198,27.638603516334225,58.937863966061784,7.245090982308753,105
London,UK,2015-10-22,30.72605767305742,44.008315910042114,2.37152619865794,7.984917827185241,10.449649831696144,3.466683118964286,16.966499325228657,55.62267496528749,13.831214875202548,65
Paris,France,2019-06-27,18.925975371384666,0.0,0.552332316745143,3.0404237798834823,6.93725666574124,1.049524279428295,19.426092969984577,68.21100170655234,8.844652612711599,23
Sao Paulo,Brazil,2015-05-02,52.59674557115802,81.32824351005634,5.083843276629584,11.941223151188595,22.998136205117188,5.044398624310535,23.60164183945767,49.24708484440367,13.277019149251185,121
Berlin,Germany,2020-06-14,13.395203064209106,0.0,0.8193023372004362,2.7837186207761353,0.11743827919954919,1.4524686434329506,7.708164021995838,89.04235398365121,10.070746324828791,12
Delhi,India,2020-03-05,71.30409113786283,117.28919269392719,8.515544708149562,16.701284621154443,35.51385360966505,7.9230378872300316,38.205439079418156,48.67210817570553,14.158083930902018,182
Sydney,Australia,2017-10-15,9.47732974759016,21.540452907872705,2.5840027793107483,3.223477329827387,11.97245178340411,2.8215153927818637,29.189148546583294,50.80686455454006,4.600787761092565,36
Paris,France,2017-06-02,15.381204703333603,27.057867135323555,0.0,3.5837735967764996,7.832356901292738,1.5224557436844486,32.91273839015879,68.43560148501741,16.550959540404484,36
Delhi,India,2019-09-05,81.88738746253463,132.1506639452752,10.961693449272662,17.115716813142534,37.585295689830474,9.304835294550204,24.892545350763278,73.72707110029066,5.805536629871319,193
Delhi,India,2022-06-19,70.70036333921934,135.61945005801888,9.587625759323307,20.311727879689,39.16140114404776,11.246027575013416,-8.375064413973789,59.66779315348182,9.47090621251151,202
Beijing,China,2022-07-06,63.031132728178164,72.72670541144228,7.571796177235662,14.312505577412168,32.246077010142066,6.132810915222495,12.670311008762411,81.92139814954797,12.126606541650553,136
Beijing,China,2016-12-29,38.50347492768365,65.6638265384806,5.987764221546589,8.94153869361409,8.942976040732237,5.673223185737034,7.796793100560242,19.653224037551773,0.0,103
Cairo,Egypt,2019-03-01,58.243087252024836,84.14343619287747,8.589024362962762,15.674649366046145,35.26520017088767,5.807264527833004,19.654493760460365,27.665732501039713,8.853088340722664,144
New York,USA,2024-07-06,19.933068186315353,25.65563881141898,2.7234071382799154,5.606880266277789,17.01971470953257,1.7847033447138756,10.58977299333621,64.92167230632818,5.988599864302283,42
Sydney,Australia,2016-05-28,28.18390980527384,38.7442363212601,3.228684278848882,8.836834846943283,14.16901206707406,3.058333179869618,36.65351917623531,42.876603186764996,10.177830370164967,74
Sao Paulo,Brazil,2018-04-19,31.443324447914634,64.20260501405924,3.894892324519551,11.545565561668006,15.949395952324096,5.642769031848861,31.058330662947128,77.2287305126561,11.256583241190512,99
London,UK,2019-02-12,18.317902118325783,46.51034690817104,1.9505047798323571,3.2258678528600084,13.26147574013132,1.853863196813505,10.499365025338728,31.127914756604703,7.5854508026974115,53
New York,USA,2018-02-07,20.015458638303496,37.71306244299483,2.8768979236657937,4.318255560893641,8.60721729448112,2.8601574689151836,32.725701629285695,62.526283989664,7.6543457289479555,47
Cairo,Egypt,2020-05-04,28.773973677938873,60.662696720435235,5.077978523639557,10.154727050213323,17.485362214591778,5.906934745891751,15.158815054151823,79.10538474414412,9.806285525052285,90
Sao Paulo,Brazil,2021-10-21,27.36265153658881,40.69636118683994,3.4069727592669263,6.262556844112398,12.048427673132677,5.438371992870438,31.84256645196173,74.45653789971024,10.558995791016942,61
London,UK,2019-06-19,38.589973881957256,54.26204752774036,4.196435674734085,8.838165324674623,5.318297056487777,4.7106008392976415,15.115239198896404,91.85339996565767,10.096720354058771,90
Berlin,Germany,2015-03-27,3.350599229359412,0.0,0.9234074157124664,1.4818947286789708,5.631358524433071,0.0,20.34008096228147,32.699564091467295,13.507473909623572,9
Berlin,Germany,2015-07-19,26.479025105137854,36.01619031356941,3.414772890788791,9.208678216617193,10.859622971831945,3.1386451837100844,9.138737008185903,42.63478076803335,10.489066465466538,60
Delhi,India,2024-05-30,91.91859587874214,137.44083470687875,11.243114755495625,22.230486658311353,47.77988582283529,10.152742354821356,32.80939576666728,46.69155403741079,13.609517427190706,233
Sydney,Australia,2023-01-22,3.344200652731091,6.7194460781449745,0.3842020720058965,0.0,0.998192758392308,0.0,17.472367449038146,80.58826201910652,13.98350963535371,0
Cairo,Egypt,2021-10-11,43.12596712038579,78.45587712174193,6.019381237698025,7.359368803539153,27.130519305266073,5.975767166130308,32.02451247983072,38.094589623143904,0.0,120
Cairo,Egypt,2021-02-26,52.65781838340987,59.89328372393548,5.421500454133394,18.310435487439804,24.37755754338479,7.130958976376217,13.493401726316163,18.193942022936866,9.148708766020473,128
London,UK,2015-08-02,18.800608806658143,30.053591644936073,2.8642682716456367,4.899766097492387,5.343975328210545,3.086184791561939,0.5062824467757672,18.992850854315996,13.69590247350784,52
London,UK,2023-11-17,29.71302317462982,31.04551495244928,3.0420890593259244,6.974506504626992,8.616424125703546,3.010971341976767,26.523303381766798,88.54610728578433,7.902826236707247,75
London,UK,2020-04-25,23.229699647062667,55.79451241113611,3.2960515852725196,8.81469123341594,15.408990327041165,5.420414009783835,11.255643516600818,72.55212595123662,8.602462683517333,82
Sao Paulo,Brazil,2017-11-11,29.08073053420395,36.54326895505887,3.7359010340933283,7.374703555756357,15.964960993626917,3.8345051456928627,27.97994549612236,78.47017232094737,4.746883390860994,75
London,UK,2018-01-14,28.468317864450725,57.47855888137735,4.919738784702869,4.7773662166749915,17.57191698611764,3.831503886639684,12.41234742064625,87.01704661398011,6.731604296812906,86
Paris,France,2016-10-26,12.378474700025468,24.855897462984164,1.3583514139898731,5.332741091338504,8.123902647856362,0.0,14.705330364929917,48.76315801296602,12.396804767147112,30
Sydney,Australia,2016-03-25,12.745048543588611,5.3102609489421,0.1488768039176911,2.3631354328382925,9.3746162112505,0.8707466445884032,29.4881309647162,62.61380048928765,9.292371233165259,0
Sao Paulo,Brazil,2016-08-09,21.86944004142729,32.12985900300502,1.8994440356570168,6.348257098629953,6.261329691094453,3.4409165241437107,19.636693919576583,62.93870596773375,7.389342149900038,65
New York,USA,2022-08-11,63.60057950090157,72.75457499915278,7.332868087426899,12.983987714125353,24.342081093170346,5.759927928876065,24.32216690759254,46.372395298608524,14.83913012012602,142
Cairo,Egypt,2019-12-21,66.46957192605726,80.87613233925896,7.92536561069201,16.1649084332846,27.903287299584143,6.678228042607125,36.09520665775973,64.54991751464108,13.17983875355869,149
New York,USA,2016-08-19,3.9035776673890314,9.305502255078896,1.1259786126100029,0.3715599863653023,4.960620765398468,0.0,8.799525775301278,73.4182249655375,13.01895260138947,25
London,UK,2024-11-30,14.111178454615239,18.525964484739887,2.0267317540586864,6.089036983290583,13.3129827653773,1.9034682645180312,8.465075740152162,65.35687275732667,5.882325146870753,48
Paris,France,2016-05-26,22.22638045218519,31.67115428565768,2.107974312251452,1.3561619977745547,8.645586269882637,3.0126572907875264,16.243663342344643,87.0222817997343,16.463726447591036,39
Cairo,Egypt,2019-11-25,69.12621563265677,107.27391699806012,9.864187288331092,17.794787874137953,31.795063568839154,8.00145716347214,22.38554953773739,34.188771561075626,9.283705423179036,169
Delhi,India,2015-07-26,81.8437307441736,154.54482101794514,12.72237421870316,22.28047076833905,48.57356331148724,11.603147726906329,32.299903684386834,79.65366285539882,2.9996463840849543,232
Sao Paulo,Brazil,2018-03-22,37.77186073178377,59.028325705181,4.121828099030185,13.196274138241671,23.560247279610305,4.110228836027034,6.653893930897674,52.28654738044304,12.172513230456529,97
Paris,France,2019-06-17,31.065664123841216,45.09919722180852,4.069569025752907,6.853710801220875,6.842805079156039,2.904301468853099,30.600897399086655,58.96954142950708,12.515451843118734,62
Cairo,Egypt,2015-11-05,38.85094075729077,64.76655935953889,5.809047443032654,9.688624561077113,21.057155020573326,4.560536758014018,31.19244917564096,54.11088484823932,17.263777725630916,110
Sao Paulo,Brazil,2017-02-01,49.59477017639128,64.9155126745265,4.164102122266662,9.555925853946416,19.50466070040536,7.628469627461505,21.15824587226946,67.79209048183975,0.0,125
Delhi,India,2019-01-10,70.03539888223145,101.26774112382586,8.052794721314404,17.529684717200247,39.34319122454326,7.978957536462951,20.693698026580694,63.8519383746261,21.96054817636996,164
New York,USA,2016-02-06,3.41611507394404,0.0,0.5667717261841796,0.0,0.0,0.7114105794654951,51.12910201043841,76.16072378804142,5.759672009847457,0
New York,USA,2022-05-04,24.908678494144077,44.87688538100692,4.723029856408026,5.931693250553328,11.863452172203278,4.779212815507392,27.674347291529088,50.610512281300956,12.712800217929823,64
Beijing,China,2024-11-05,52.07135123214872,84.01962271566033,4.886719755342202,10.150164334973937,24.950849883036113,5.787168879665577,23.14247332595274,41.83951848957578,2.9384814933235424,136
Sao Paulo,Brazil,2023-05-19,48.071118497567326,74.47528204687923,4.725251813786544,11.211234550949635,25.043690358839466,4.999006422577698,23.75698018345672,47.9872262016239,8.541531251033616,123
Cairo,Egypt,2024-03-29,49.6613909225447,60.46502775262066,3.9922890710441004,11.74508982420638,15.316625400115914,5.258863595004756,0.40329876120224384,33.436279022031385,10.984306179345618,101
Beijing,China,2021-06-24,69.65684140594985,102.0435171761176,8.298896304410711,14.242956019265144,31.520623166421164,8.139361229040212,30.571222262189156,66.87236579136923,1.1847992231863298,172
